排名,代码,名称,东财行业,链条,筹码合成,全市场分位%,总市值亿,PE,距52周高点%,概念标签
1,688206.SH,概伦电子,软件开发,SEMI,-3.8483,0.3,208.1,-423.29,-95.9,国产芯片|存储芯片
2,688551.SH,科威尔,其他电源设备Ⅱ,SEMI,-3.4275,0.3,41.5,137.6,-56.0,半导体概念
3,301326.SZ,捷邦科技,消费电子,AI,-3.3477,0.4,77.7,-130.1,,液冷服务器
4,688081.SH,兴图新科,军工电子Ⅱ,AI,-3.3032,0.4,29.2,-240.75,,人工智能
5,301169.SZ,零点有数,专业服务,AI,-3.2103,0.4,36.6,-55.3,,人工智能
6,002536.SZ,飞龙股份,汽车零部件,AI+SEMI,-2.8162,0.7,280.5,185.24,-68.3,国产芯片|液冷服务器
7,688619.SH,罗普特,计算机设备,AI,-2.6958,0.8,26.7,-32.07,,AI智能体|AI芯片|人工智能|英伟达概念
8,301391.SZ,卡莱特,计算机设备,AI+SEMI,-2.6924,0.9,43.8,174.68,-74.7,人工智能|国产芯片
9,002600.SZ,领益智造,消费电子,AI,-2.6866,0.9,980.9,62.62,-74.0,人工智能|液冷服务器
10,603688.SH,石英股份,非金属材料Ⅱ,SEMI,-2.6731,0.9,256.2,140.2,-74.5,半导体概念|国产芯片|存储芯片
11,000050.SZ,深天马Ａ,光学光电子,SEMI,-2.6384,1.0,156.1,-10.73,,国产芯片
12,603806.SH,福斯特,光伏设备,SEMI,-2.6327,1.0,396.8,23.56,-57.2,先进封装
13,601231.SH,环旭电子,消费电子,AI+SEMI,-2.5723,1.1,618.7,37.63,-14.7,光通信模块|半导体概念
14,000727.SZ,冠捷科技,光学光电子,AI,-2.5615,1.1,98.3,-8.69,,人工智能
15,688420.SH,美腾科技,专用设备,AI,-2.5322,1.1,19.5,125.95,,人工智能
16,002301.SZ,齐心集团,文娱用品,AI,-2.5203,1.1,55.0,35.84,-90.3,人工智能
17,688391.SH,钜泉科技,半导体,SEMI,-2.5190,1.1,28.9,184.94,-67.3,半导体概念|国产芯片
18,688234.SH,天岳先进,半导体,SEMI,-2.4878,1.2,509.1,-434.26,,半导体概念|第三代半导体
19,688191.SH,智洋创新,电网设备,AI,-2.4864,1.2,69.9,-156.25,-81.0,人工智能
20,688182.SH,灿勤科技,通信设备,SEMI,-2.4706,1.3,111.2,98.85,-68.8,半导体概念
21,300440.SZ,运达科技,IT服务Ⅱ,AI,-2.4546,1.3,83.1,-132.99,-81.2,人工智能
22,300455.SZ,航天智装,计算机设备,SEMI,-2.4178,1.4,122.1,2386.23,,国产芯片|存储芯片
23,603666.SH,亿嘉和,自动化设备,AI,-2.4062,1.4,54.4,-21.42,,AIGC概念|多模态AI
24,301024.SZ,霍普股份,工程咨询服务Ⅱ,AI,-2.3892,1.5,20.3,-26.46,,人工智能
25,301018.SZ,申菱环境,通用设备,AI,-2.3889,1.5,335.7,296.52,-49.0,液冷服务器
26,600601.SH,方正科技,元件,AI,-2.3658,1.5,493.2,42.99,-79.6,光通信模块
27,600246.SH,万通发展,房地产开发,SEMI,-2.3613,1.6,220.9,-49.19,,国产芯片
28,300745.SZ,欣锐科技,汽车零部件,SEMI,-2.3598,1.6,48.4,226.19,,第三代半导体
29,601137.SH,博威合金,金属新材料,AI+SEMI,-2.3566,1.6,178.0,22.57,,半导体概念|液冷服务器
30,603386.SH,骏亚科技,元件,SEMI,-2.3216,1.7,44.2,-54.05,,半导体概念
31,300739.SZ,明阳电路,元件,AI+SEMI,-2.2914,1.8,82.5,140.95,-77.1,光通信模块|半导体概念|国产芯片
32,688272.SH,富吉瑞,军工电子Ⅱ,SEMI,-2.2784,1.8,21.2,-39.4,,半导体概念
33,603977.SH,国泰集团,化学制品,SEMI,-2.2564,1.9,73.1,37.28,-63.1,国产芯片
34,688589.SH,力合微,半导体,AI+SEMI,-2.2458,1.9,28.4,73.58,-89.7,人工智能|半导体概念|国产芯片|算力概念
35,300731.SZ,科创新源,橡胶,AI+SEMI,-2.2430,1.9,74.2,-618.83,-87.3,液冷服务器|第三代半导体
36,688661.SH,和林微纳,半导体,AI+SEMI,-2.2296,2.0,153.0,-1132.2,,半导体概念|国产芯片|英伟达概念
37,002965.SZ,祥鑫科技,汽车零部件,AI,-2.2197,2.0,79.3,-116.16,-80.4,液冷服务器
38,000032.SZ,深桑达Ａ,专业工程,AI+SEMI,-2.2134,2.0,173.3,-52.57,,AI智能体|半导体概念|多模态AI|算力概念
39,002782.SZ,可立克,其他电子Ⅱ,SEMI,-2.2125,2.1,74.3,51.76,-55.5,第三代半导体
40,605365.SH,立达信,照明设备Ⅱ,SEMI,-2.2089,2.1,72.0,51.61,-58.3,国产芯片
41,605286.SH,同力天启,专用设备,AI,-2.1941,2.2,46.0,126.58,-19.5,人工智能
42,002851.SZ,麦格米特,其他电源设备Ⅱ,AI+SEMI,-2.1884,2.2,701.1,152.82,-73.8,国产芯片|第三代半导体|英伟达概念
43,688601.SH,力芯微,半导体,SEMI,-2.1775,2.2,66.0,-1185.3,-80.8,半导体概念|国产芯片|汽车芯片
44,688380.SH,中微半导,半导体,SEMI,-2.1285,2.4,166.1,48.39,-7.8,半导体概念|国产芯片|存储芯片|汽车芯片
45,603650.SH,彤程新材,橡胶,SEMI,-2.1008,2.5,394.0,50.64,-2.5,存储芯片
46,301269.SZ,华大九天,软件开发,AI+SEMI,-2.0969,2.5,499.9,-171.2,,人工智能|国产芯片|存储芯片
47,688478.SH,晶升股份,半导体,SEMI,-2.0650,2.6,66.5,-189.75,,半导体概念|存储芯片|第三代半导体
48,300433.SZ,蓝思科技,消费电子,AI,-2.0649,2.7,2003.3,173.65,-34.6,液冷服务器
49,688061.SH,灿瑞科技,半导体,SEMI,-2.0615,2.7,41.3,-49.19,,半导体概念|国产芯片
50,688138.SH,清溢光电,半导体,SEMI,-2.0609,2.7,107.7,48.34,-39.2,半导体概念|国产芯片
51,300990.SZ,同飞股份,通用设备,AI,-2.0495,2.8,125.4,52.44,46.5,液冷服务器
52,600114.SH,东睦股份,通用设备,AI,-2.0472,2.8,196.7,39.07,-17.6,光通信模块|英伟达概念
53,300814.SZ,中富电路,元件,AI+SEMI,-2.0470,2.8,254.6,329.64,-73.4,CPO概念|先进封装|光通信模块|半导体概念|液冷服务器
54,301028.SZ,鼎熔岩,通用设备,SEMI,-2.0200,3.0,49.2,18.43,-37.7,半导体概念
55,688079.SH,美迪凯,光学光电子,SEMI,-1.9931,3.1,64.1,-38.63,,半导体概念
56,688360.SH,德马科技,通用设备,AI,-1.9739,3.2,40.7,25.69,-65.0,人工智能
57,603662.SH,柯力传感,通用设备,AI,-1.9671,3.2,134.7,81.9,9.0,人工智能
58,688125.SH,安达智能,自动化设备,SEMI,-1.9651,3.2,97.9,-78.26,,国产芯片
59,600100.SH,同方股份,计算机设备,AI,-1.9648,3.2,221.1,-30.13,-90.1,AI语料|人工智能|算力概念
60,688531.SH,日联科技,专用设备,AI+SEMI,-1.9359,3.4,219.9,85.88,33.6,人工智能|半导体概念
61,688628.SH,优利德,通用设备,AI,-1.9113,3.5,93.6,33.42,72.8,AI智能体|人工智能
62,002957.SZ,科瑞技术,自动化设备,AI+SEMI,-1.8922,3.6,171.6,61.8,-29.0,光通信模块|半导体概念|国产芯片
63,300812.SZ,易天股份,消费电子,SEMI,-1.8685,3.7,37.1,223.07,,先进封装|半导体概念|第三代半导体
64,688595.SH,芯海科技,半导体,AI+SEMI,-1.8603,3.8,39.1,-25.09,,人工智能|半导体概念|国产芯片|汽车芯片
65,688449.SH,联芸科技,半导体,SEMI,-1.8489,3.9,303.8,857.15,-61.8,半导体概念|存储芯片
66,688126.SH,沪硅产业,半导体,SEMI,-1.8431,3.9,817.3,-42.34,,半导体概念|国产芯片|存储芯片
67,688220.SH,翱捷科技-U,半导体,AI+SEMI,-1.8309,4.1,373.4,-333.15,,人工智能|半导体概念|国产芯片|汽车芯片
68,000810.SZ,创维数字,黑色家电,AI,-1.8227,4.1,107.3,32.37,-77.6,AIGC概念|人工智能
69,300782.SZ,卓胜微,半导体,SEMI,-1.8214,4.1,428.7,-74.26,,半导体概念|国产芯片
70,603895.SH,天永智能,专用设备,AI,-1.8209,4.1,27.1,129.89,-84.3,人工智能
71,600184.SH,光电股份,地面兵装Ⅱ,AI,-1.8144,4.2,100.7,2244.39,-91.2,CPO概念|光通信模块
72,300394.SZ,天孚通信,通信设备,AI,-1.8092,4.2,2721.6,113.0,112.9,CPO概念|算力概念
73,300304.SZ,云意电气,汽车零部件,SEMI,-1.8031,4.3,99.4,29.66,-53.0,半导体概念|国产芯片|汽车芯片
74,688045.SH,必易微,半导体,SEMI,-1.7813,4.5,40.9,54.44,-17.1,半导体概念|国产芯片
75,600171.SH,上海贝岭,半导体,AI+SEMI,-1.7666,4.5,157.2,175.27,-68.9,光通信模块|半导体概念|国产芯片|存储芯片|第三代半导体
76,688387.SH,信科移动-U,通信设备,AI,-1.7662,4.6,420.5,-82.03,,人工智能
77,301095.SZ,广立微,软件开发,AI+SEMI,-1.7583,4.6,146.2,-341.16,-54.2,CPO概念|国产芯片
78,300553.SZ,集智股份,通用设备,AI,-1.7510,4.6,45.6,172.62,-84.6,人工智能
79,002993.SZ,奥海科技,消费电子,AI+SEMI,-1.7477,4.7,102.9,55.16,24.7,CPO概念|第三代半导体
80,688102.SH,斯瑞新材,金属新材料,AI,-1.7461,4.7,249.3,144.7,-79.7,CPO概念
81,600640.SH,国脉文化,广告营销,AI,-1.7423,4.7,82.6,261.94,-97.0,AI应用|AI智能体
82,603203.SH,快克智能,自动化设备,AI+SEMI,-1.7419,4.7,141.4,45.87,-54.8,CPO概念|人工智能|先进封装|光通信模块|半导体概念|存储芯片|液冷服务器
83,002935.SZ,天奥电子,军工电子Ⅱ,SEMI,-1.7414,4.7,65.0,351.77,-84.4,国产芯片|存储芯片
84,603685.SH,晨丰科技,光学光电子,AI,-1.7358,4.8,61.9,155.16,-85.4,算力概念
85,603163.SH,圣晖集成,专业工程,SEMI,-1.7213,4.8,80.1,57.32,61.9,半导体概念
86,300623.SZ,捷捷微电,半导体,SEMI,-1.7199,4.8,248.1,41.67,-36.6,半导体概念|国产芯片|汽车芯片|第三代半导体
87,688419.SH,耐科装备,半导体,SEMI,-1.7179,4.9,65.0,66.06,-23.2,半导体概念
88,688262.SH,国芯科技,半导体,AI+SEMI,-1.7102,4.9,88.5,-45.47,,AI芯片|人工智能|半导体概念|国产芯片|存储芯片|汽车芯片
89,300376.SZ,易事特,其他电源设备Ⅱ,AI+SEMI,-1.7019,5.0,103.4,173.44,,半导体概念|液冷服务器|第三代半导体|算力概念
90,002518.SZ,科士达,其他电源设备Ⅱ,AI,-1.6990,5.0,200.6,36.17,9.7,液冷服务器
91,600651.SH,飞乐音响,汽车零部件,SEMI,-1.6913,5.1,141.9,562.24,-97.6,国产芯片
92,603155.SH,新亚强,化学制品,SEMI,-1.6875,5.1,63.3,43.8,-79.2,半导体概念
93,688371.SH,菲沃泰,电子化学品Ⅱ,AI,-1.6816,5.2,90.6,-106.76,-99.2,液冷服务器
94,688665.SH,四方光电,通用设备,SEMI,-1.6761,5.2,43.7,27.12,27.3,半导体概念
95,688592.SH,司南导航,通信设备,SEMI,-1.6729,5.2,27.5,-94.97,-83.7,国产芯片
96,688249.SH,晶合集成,半导体,SEMI,-1.6708,5.3,859.4,175.13,-72.4,半导体概念
97,688556.SH,高测股份,光伏设备,SEMI,-1.6612,5.3,66.3,-33.0,,半导体概念|第三代半导体
98,002129.SZ,TCL中环,光伏设备,SEMI,-1.6609,5.3,378.0,-5.74,,半导体概念
99,300816.SZ,艾可蓝,汽车零部件,AI,-1.6595,5.4,41.2,51.91,20.4,AI应用
100,002937.SZ,兴瑞科技,汽车零部件,AI,-1.6537,5.4,91.8,63.44,-55.5,液冷服务器
101,688322.SH,奥比中光-W,光学光电子,AI+SEMI,-1.6430,5.4,381.9,458.53,-73.5,人工智能|国产芯片|英伟达概念
102,603090.SH,宏盛股份,通用设备,AI,-1.6388,5.5,37.3,54.07,-23.8,液冷服务器
103,001287.SZ,中电港,其他电子Ⅱ,AI+SEMI,-1.6334,5.5,169.1,16.48,-18.9,人工智能|国产芯片|存储芯片|英伟达概念
104,002430.SZ,杭氧股份,化学制品,SEMI,-1.6328,5.5,223.7,21.09,1.0,半导体概念
105,603931.SH,格林达,电子化学品Ⅱ,SEMI,-1.6327,5.5,69.7,59.48,-39.9,半导体概念|国产芯片
106,300161.SZ,华中数控,通用设备,AI,-1.6274,5.6,52.0,-16.43,,人工智能
107,688383.SH,新益昌,专用设备,SEMI,-1.6088,5.8,124.8,132.03,,半导体概念
108,300518.SZ,新迅达,互联网电商,SEMI,-1.6030,5.9,45.6,-83.13,,半导体概念|国产芯片
109,603002.SH,宏昌电子,电子化学品Ⅱ,AI,-1.5995,5.9,177.6,225.42,-94.8,英伟达概念
110,001339.SZ,智微智能,计算机设备,AI,-1.5990,5.9,244.6,31.49,39.9,人工智能|算力概念|英伟达概念
111,002730.SZ,电光科技,专用设备,AI,-1.5979,5.9,75.6,86.43,-81.1,人工智能|算力概念
112,300046.SZ,台基股份,半导体,SEMI,-1.5852,6.0,57.7,85.94,-81.8,半导体概念|国产芯片|第三代半导体
113,600605.SH,汇通能源,一般零售,SEMI,-1.5709,6.1,49.8,96.64,-85.8,半导体概念
114,688458.SH,美芯晟,半导体,SEMI,-1.5666,6.2,37.2,-172.26,,半导体概念
115,600516.SH,方大炭素,冶钢原料,SEMI,-1.5633,6.2,202.9,572.61,-97.6,半导体概念
116,605588.SH,冠石科技,光学光电子,SEMI,-1.5622,6.3,34.6,-37.59,,半导体概念
117,601689.SH,拓普集团,汽车零部件,AI,-1.5559,6.3,804.6,36.45,59.1,液冷服务器
118,600234.SH,科新发展,装修装饰Ⅱ,AI,-1.5498,6.4,55.4,-893.18,,算力概念
119,300842.SZ,帝科股份,光伏设备,SEMI,-1.5408,6.4,90.5,156.05,,国产芯片|存储芯片
120,603375.SH,盛景微,半导体,SEMI,-1.5399,6.4,37.6,645.01,,半导体概念|国产芯片|汽车芯片
121,300870.SZ,欧陆通,其他电源设备Ⅱ,AI+SEMI,-1.5337,6.5,309.9,-617.69,19.2,液冷服务器|第三代半导体
122,300395.SZ,菲利华,航空装备Ⅱ,SEMI,-1.5278,6.5,441.6,74.9,-1.8,半导体概念
123,603319.SH,美湖股份,汽车零部件,AI,-1.5253,6.5,86.3,97.36,-78.9,液冷服务器
124,002943.SZ,宇晶股份,通用设备,SEMI,-1.5204,6.6,87.2,-111.86,-87.5,半导体概念
125,688153.SH,唯捷创芯,半导体,SEMI,-1.5164,6.7,108.5,-56.34,-96.8,半导体概念|国产芯片|汽车芯片
126,301268.SZ,铭利达,通用设备,AI,-1.5108,6.7,52.8,239.68,,液冷服务器
127,600770.SH,综艺股份,综合Ⅱ,AI+SEMI,-1.5091,6.8,64.9,68.81,-89.5,人工智能|半导体概念|国产芯片
128,600207.SH,安彩高科,光伏设备,SEMI,-1.5070,6.8,46.9,-7.93,,半导体概念
129,688103.SH,国力电子,其他电子Ⅱ,SEMI,-1.5029,6.8,70.7,262.69,-31.4,半导体概念
130,688418.SH,震有科技,通信设备,AI,-1.5023,6.8,61.8,-23.67,,光通信模块
131,000962.SZ,东方钽业,小金属,SEMI,-1.5002,6.9,271.1,110.84,-55.3,半导体概念
132,301317.SZ,鑫磊股份,通用设备,AI,-1.4895,6.9,67.3,-86.71,,液冷服务器
133,688003.SH,天准科技,自动化设备,AI+SEMI,-1.4599,7.2,161.2,81.82,-3.1,CPO概念|人工智能|半导体概念|英伟达概念
134,688130.SH,晶华微,半导体,SEMI,-1.4441,7.3,28.4,-702.23,,半导体概念|国产芯片
135,002983.SZ,芯瑞达,光学光电子,SEMI,-1.4426,7.3,42.5,41.85,-50.7,半导体概念
136,300939.SZ,秋田微,光学光电子,AI,-1.4391,7.4,74.1,107.35,-47.6,人工智能
137,688056.SH,莱伯泰科,通用设备,SEMI,-1.4383,7.4,27.7,104.56,-49.2,半导体概念
138,301325.SZ,曼恩斯特,电池,SEMI,-1.4306,7.5,43.7,-26.67,,先进封装
139,688620.SH,安凯微,半导体,SEMI,-1.4222,7.6,61.2,-77.88,,半导体概念|国产芯片
140,002803.SZ,吉宏股份,互联网电商,AI,-1.4188,7.6,84.6,26.81,-30.9,AIGC概念|人工智能|多模态AI
141,301265.SZ,华新科技,环境治理,SEMI,-1.4083,7.8,59.8,46.21,-73.1,存储芯片
142,688187.SH,时代电气,轨交设备Ⅱ,SEMI,-1.4081,7.8,633.7,18.5,210.8,半导体概念|第三代半导体
143,603985.SH,恒润股份,风电设备,AI,-1.4021,7.8,71.7,52.44,-74.7,算力概念|英伟达概念
144,300839.SZ,博汇股份,炼化及贸易,AI,-1.3974,7.9,40.7,21.76,-87.6,液冷服务器|算力概念
145,001389.SZ,广合科技,元件,AI+SEMI,-1.3838,8.0,707.2,37.0,213.0,人工智能|存储芯片
146,300913.SZ,兆龙互连,通信设备,AI,-1.3835,8.0,119.6,61.6,-27.8,光通信模块
147,688337.SH,普源精电,通用设备,AI,-1.3835,8.1,93.9,101.43,-51.8,光通信模块
148,002443.SZ,金洲管道,特钢Ⅱ,AI,-1.3800,8.1,48.9,28.53,-68.2,液冷服务器
149,300689.SZ,澄天伟业,通信设备,AI+SEMI,-1.3780,8.2,61.3,1121.79,-93.7,人工智能|半导体概念|国产芯片|液冷服务器
150,688739.SH,成大生物,生物制品,AI,-1.3727,8.2,85.6,-1122.05,-86.2,AI应用
151,688711.SH,宏微科技,半导体,SEMI,-1.3727,8.3,54.1,1488.96,-92.2,半导体概念|国产芯片|第三代半导体
152,688305.SH,科德数控,通用设备,SEMI,-1.3721,8.3,82.3,91.24,-32.1,半导体概念
153,301077.SZ,星华新材,化学制品,AI,-1.3707,8.3,35.0,26.69,-24.8,人工智能|算力概念|英伟达概念
154,603260.SH,合盛硅业,化学制品,SEMI,-1.3694,8.4,397.6,128.51,,半导体概念
155,603721.SH,中广天择,影视院线,AI,-1.3693,8.4,22.5,-74.48,-79.1,AI语料|人工智能
156,605056.SH,咸亨国际,通用设备,AI,-1.3662,8.4,56.3,44.4,-36.2,AI应用|AI智能体|人工智能
157,688259.SH,创耀科技,半导体,SEMI,-1.3649,8.5,33.5,80.74,-30.6,半导体概念|国产芯片
158,600498.SH,烽火通信,通信设备,AI+SEMI,-1.3626,8.5,531.3,345.98,-69.1,CPO概念|光通信模块|国产芯片|液冷服务器|算力概念
159,688132.SH,邦彦技术,军工电子Ⅱ,AI,-1.3604,8.6,20.1,-11.58,,AI应用|AI智能体
160,688376.SH,美埃科技,环保设备Ⅱ,SEMI,-1.3548,8.6,89.9,70.94,-18.0,半导体概念
161,001270.SZ,铖昌科技,军工电子Ⅱ,SEMI,-1.3480,8.7,203.0,133.05,-33.6,国产芯片|第三代半导体
162,300219.SZ,鸿利智汇,光学光电子,SEMI,-1.3473,8.8,48.0,57.78,-82.6,半导体概念
163,688503.SH,聚和材料,光伏设备,AI+SEMI,-1.3380,8.9,214.9,18.55,156.0,半导体概念|存储芯片|液冷服务器
164,688529.SH,豪森智能,专用设备,AI,-1.3270,8.9,26.5,-7.02,,人工智能
165,002645.SZ,华宏科技,环保设备Ⅱ,AI,-1.3242,9.0,143.3,16.55,-48.3,人工智能
166,688486.SH,龙迅股份,半导体,SEMI,-1.3240,9.0,80.5,52.85,-2.9,半导体概念|国产芯片
167,301189.SZ,奥尼电子,消费电子,AI,-1.3104,9.2,81.0,123.76,,算力概念|英伟达概念
168,688699.SH,明微电子,半导体,SEMI,-1.3050,9.2,65.1,38.3,-32.9,半导体概念|国产芯片
169,688112.SH,鼎阳科技,通用设备,AI,-1.3038,9.3,108.9,59.3,-1.3,英伟达概念
170,300647.SZ,超频三,消费电子,AI,-1.2996,9.3,25.8,74.57,,液冷服务器
171,688401.SH,路维光电,半导体,SEMI,-1.2825,9.4,141.7,51.94,32.0,半导体概念|国产芯片|第三代半导体
172,300602.SZ,飞荣达,消费电子,AI,-1.2790,9.5,252.9,50.05,-23.1,液冷服务器
173,605178.SH,时空科技,专业工程,SEMI,-1.2778,9.5,64.7,-238.2,,半导体概念|存储芯片
174,688170.SH,德龙激光,自动化设备,SEMI,-1.2764,9.6,54.5,-53.36,-83.8,存储芯片|第三代半导体
175,688484.SH,南芯科技,半导体,SEMI,-1.2750,9.6,149.7,-166.83,-83.5,半导体概念|国产芯片|汽车芯片
176,603681.SH,永冠新材,化学制品,AI,-1.2746,9.6,42.9,40.04,-42.1,AI智能体|人工智能
177,300128.SZ,锦富技术,消费电子,AI,-1.2742,9.6,62.6,-28.62,,液冷服务器|英伟达概念
178,688539.SH,高华科技,元件,SEMI,-1.2708,9.7,46.1,-316.75,-71.8,国产芯片
179,688097.SH,博众精工,自动化设备,AI+SEMI,-1.2631,9.8,216.0,41.99,54.0,人工智能|光通信模块|半导体概念
180,002906.SZ,华阳集团,汽车零部件,AI,-1.2611,9.8,148.2,18.46,60.3,光通信模块|英伟达概念
181,300476.SZ,胜宏科技,元件,AI,-1.2607,9.8,2407.8,46.72,376.2,英伟达概念
182,300486.SZ,东杰智能,自动化设备,AI,-1.2595,9.9,105.0,295.49,-95.0,人工智能
183,688379.SH,华光新材,通用设备,AI+SEMI,-1.2577,9.9,51.4,34.65,36.6,半导体概念|国产芯片|液冷服务器
184,600582.SH,天地科技,专用设备,AI,-1.2452,10.0,197.8,11.42,-65.1,人工智能
185,688516.SH,奥特维,光伏设备,SEMI,-1.2370,10.1,133.8,39.3,26.4,半导体概念
186,002811.SZ,郑中设计,装修装饰Ⅱ,AI,-1.2362,10.1,40.7,28.49,-46.4,AIGC概念|人工智能
187,600879.SH,航天电子,航天装备Ⅱ,SEMI,-1.2313,10.2,463.6,370.51,-93.1,国产芯片
188,600203.SH,福日电子,消费电子,AI+SEMI,-1.2309,10.3,58.5,35.07,-97.8,人工智能|汽车芯片
189,600869.SH,远东股份,电网设备,AI,-1.2296,10.3,358.6,87.31,-94.6,液冷服务器
190,300671.SZ,富满微,半导体,SEMI,-1.2279,10.3,124.2,68.52,,半导体概念|国产芯片|存储芯片|第三代半导体
191,301560.SZ,众捷汽车,汽车零部件,AI,-1.2226,10.4,27.1,-161.16,-68.4,液冷服务器
192,301678.SZ,新恒汇,半导体,SEMI,-1.2206,10.5,106.1,156.81,-70.4,半导体概念
193,603660.SH,苏州科达,计算机设备,AI,-1.2187,10.6,62.6,-9.53,,AI应用|人工智能|多模态AI
194,600198.SH,大唐电信,通信设备,SEMI,-1.2181,10.6,102.3,-83.85,,半导体概念|国产芯片
195,603290.SH,斯达半导,半导体,SEMI,-1.2177,10.6,222.7,171.3,-18.7,半导体概念|国产芯片|第三代半导体
196,002126.SZ,银轮股份,汽车零部件,AI,-1.2173,10.6,325.2,37.98,13.2,液冷服务器
197,301179.SZ,泽宇智能,电网设备,AI,-1.2171,10.6,85.8,72.74,-57.1,人工智能|多模态AI
198,688327.SH,云从科技-UW,IT服务Ⅱ,AI,-1.2162,10.7,100.4,-63.7,,AI应用|AI智能体|人工智能|多模态AI|算力概念
199,688173.SH,希荻微,半导体,SEMI,-1.2069,10.8,57.2,-187.11,,半导体概念|国产芯片|汽车芯片
200,600959.SH,江苏有线,电视广播Ⅱ,AI,-1.2044,10.8,150.5,72.37,-96.8,AIGC概念|人工智能|算力概念
201,300727.SZ,润禾材料,化学制品,AI,-1.2035,10.8,48.3,44.12,-31.6,液冷服务器
202,688155.SH,先惠技术,电池,AI,-1.2034,10.8,76.4,12.44,250.3,人工智能
203,688035.SH,德邦科技,电子化学品Ⅱ,AI+SEMI,-1.2006,10.9,92.6,68.03,-8.5,半导体概念|存储芯片|液冷服务器
204,300882.SZ,万胜智能,电网设备,AI,-1.1996,10.9,40.4,37.42,-72.3,人工智能
205,002056.SZ,横店东磁,光伏设备,AI,-1.1971,10.9,346.7,18.28,9.4,算力概念
206,300800.SZ,力合科技,环保设备Ⅱ,AI,-1.1915,11.0,23.4,55.75,-79.5,AIGC概念
207,603859.SH,能科科技,IT服务Ⅱ,AI,-1.1904,11.0,99.1,50.48,-15.3,AI应用|AI智能体|人工智能
208,603663.SH,三祥新材,化学原料,SEMI,-1.1847,11.1,247.0,160.36,-74.8,半导体概念
209,603933.SH,睿能科技,其他电子Ⅱ,SEMI,-1.1789,11.2,39.0,29.66,-68.6,半导体概念
210,000969.SZ,安泰科技,金属新材料,AI+SEMI,-1.1779,11.2,173.5,43.73,-63.7,光通信模块|半导体概念|第三代半导体
211,603360.SH,百傲化学,农化制品,SEMI,-1.1755,11.2,88.4,111.48,-75.6,半导体概念
212,300749.SZ,顶固集创,家居用品,AI,-1.1744,11.3,49.9,23.62,-47.1,人工智能
213,688568.SH,中科星图,IT服务Ⅱ,AI,-1.1713,11.3,250.5,-42.08,,AI智能体|人工智能|多模态AI|算力概念
214,601126.SH,四方股份,电网设备,AI,-1.1696,11.3,367.7,33.97,3.0,人工智能
215,300507.SZ,苏奥传感,汽车零部件,SEMI,-1.1653,11.4,50.7,77.39,-88.2,半导体概念|国产芯片
216,300820.SZ,英杰电气,其他电源设备Ⅱ,SEMI,-1.1624,11.4,117.0,80.49,-6.1,半导体概念|第三代半导体
217,688733.SH,壹石通,电池,SEMI,-1.1534,11.5,60.3,3594.8,,半导体概念
218,688107.SH,安路科技,半导体,AI+SEMI,-1.1383,11.7,120.3,-73.67,,AI芯片|半导体概念|国产芯片
219,002334.SZ,英威腾,自动化设备,AI+SEMI,-1.1304,11.8,53.3,-43.85,-82.5,半导体概念|液冷服务器
220,688256.SH,寒武纪,半导体,AI+SEMI,-1.1275,11.8,6093.9,131.85,429.9,AI芯片|人工智能|先进封装|半导体概念|国产芯片|算力概念
221,688209.SH,英集芯,半导体,SEMI,-1.1254,11.9,96.7,53.59,-53.1,半导体概念|国产芯片|汽车芯片
222,600458.SH,时代新材,综合Ⅱ,SEMI,-1.1247,11.9,111.6,16.13,-41.6,半导体概念
223,300487.SZ,蓝晓科技,塑料,SEMI,-1.1196,12.0,322.0,38.28,71.5,半导体概念|国产芯片|存储芯片|第四代半导体
224,603186.SH,华正新材,元件,SEMI,-1.1190,12.0,259.1,209.52,84.5,半导体概念
225,688313.SH,仕佳光子,通信设备,AI+SEMI,-1.1050,12.2,696.3,110.6,4.1,CPO概念|光通信模块|国产芯片
226,603633.SH,徕木股份,消费电子,AI+SEMI,-1.1000,12.3,26.9,-18.77,,人工智能|半导体概念
227,002970.SZ,锐明技术,计算机设备,AI,-1.0966,12.3,91.5,52.64,76.9,人工智能
228,002179.SZ,中航光电,军工电子Ⅱ,AI,-1.0961,12.4,693.3,43.52,-8.6,CPO概念|液冷服务器
229,301256.SZ,华融化学,化学原料,SEMI,-1.0957,12.4,48.1,77.65,-85.4,半导体概念
230,688757.SH,胜科纳米,专业服务,SEMI,-1.0917,12.5,123.9,417.68,-85.7,先进封装|半导体概念
231,300989.SZ,蕾奥规划,工程咨询服务Ⅱ,AI,-1.0771,12.8,29.9,-25.27,,算力概念
232,300684.SZ,中石科技,电子化学品Ⅱ,AI,-1.0710,12.9,252.2,91.39,18.6,CPO概念|液冷服务器
233,688080.SH,映翰通,通信设备,AI,-1.0701,12.9,26.5,71.3,84.7,AI智能体
234,688168.SH,安博通,软件开发,AI,-1.0674,13.0,37.6,77.64,,AI芯片|人工智能|算力概念
235,003031.SZ,中瓷电子,通信设备,AI+SEMI,-1.0660,13.0,607.1,75.37,50.8,光通信模块|半导体概念|第三代半导体
236,688517.SH,金冠电气,电网设备,SEMI,-1.0634,13.1,21.5,37.58,-44.3,半导体概念
237,300715.SZ,凯伦股份,装修建材,SEMI,-1.0593,13.1,53.2,91.69,-92.5,半导体概念
238,300190.SZ,维尔利,环境治理,AI,-1.0585,13.1,33.9,52.71,,液冷服务器
239,603052.SH,可川科技,消费电子,AI+SEMI,-1.0563,13.2,106.8,-188.76,,CPO概念|光通信模块|半导体概念
240,603893.SH,瑞芯微,半导体,AI+SEMI,-1.0537,13.3,738.8,43.0,223.3,AI芯片|人工智能|半导体概念|国产芯片
241,301252.SZ,同星科技,家电零部件Ⅱ,AI,-1.0482,13.3,55.8,54.43,-46.2,液冷服务器
242,002289.SZ,宇顺电子,光学光电子,AI,-1.0431,13.5,109.8,55.72,-88.0,算力概念
243,300232.SZ,洲明科技,光学光电子,AI+SEMI,-1.0395,13.5,57.7,89.48,,AI智能体|多模态AI|第三代半导体
244,601133.SH,柏诚股份,专业工程,SEMI,-1.0377,13.5,132.6,106.66,-63.5,半导体概念|存储芯片
245,300609.SZ,汇纳科技,IT服务Ⅱ,AI,-1.0370,13.6,30.0,-37.09,,人工智能|算力概念
246,300845.SZ,捷安高科,计算机设备,AI,-1.0331,13.6,25.1,-45.13,-83.9,AI应用|人工智能
247,688343.SH,云天励飞-U,IT服务Ⅱ,AI,-1.0288,13.7,198.0,-36.93,,AI智能体|AI芯片|人工智能|多模态AI|算力概念
248,688479.SH,友车科技,软件开发,AI,-1.0237,13.8,65.3,280.03,-81.1,人工智能
249,300447.SZ,全信股份,军工电子Ⅱ,SEMI,-1.0214,13.8,41.3,88.51,-91.3,国产芯片
250,002338.SZ,奥普光电,军工电子Ⅱ,SEMI,-1.0201,13.9,103.0,82.77,-59.2,国产芯片
251,301611.SZ,珂玛科技,半导体,SEMI,-1.0160,13.9,448.6,228.32,-50.6,半导体概念
252,688729.SH,屹唐股份,半导体,SEMI,-1.0073,14.1,688.6,108.04,-79.3,半导体概念
253,600104.SH,上汽集团,乘用车,SEMI,-1.0069,14.1,1171.4,9.68,-12.1,半导体概念
254,000066.SZ,中国长城,计算机设备,AI+SEMI,-1.0011,14.2,447.7,-133.87,-99.4,国产芯片|液冷服务器
255,600118.SH,中国卫星,航天装备Ⅱ,SEMI,-1.0001,14.2,702.4,1016.03,-91.5,国产芯片
256,002415.SZ,海康威视,计算机设备,AI+SEMI,-0.9952,14.3,3129.8,19.82,79.3,AI应用|人工智能|存储芯片
257,300323.SZ,华灿光电,光学光电子,SEMI,-0.9940,14.3,193.1,95.29,,半导体概念|国产芯片|第三代半导体
258,301510.SZ,固高科技,自动化设备,SEMI,-0.9937,14.4,103.7,117.55,-80.9,半导体概念
259,603938.SH,三孚股份,化学原料,SEMI,-0.9900,14.4,158.4,66.51,-57.9,半导体概念|存储芯片
260,300592.SZ,华凯易佰,互联网电商,AI+SEMI,-0.9894,14.5,57.5,20.1,-40.4,AIGC概念|人工智能|半导体概念|国产芯片
261,688219.SH,会通股份,塑料,AI,-0.9877,14.5,56.3,26.27,-64.2,液冷服务器
262,688558.SH,国盛智科,通用设备,SEMI,-0.9876,14.5,41.1,25.04,24.0,半导体概念
263,301629.SZ,矽电股份,半导体,SEMI,-0.9863,14.6,106.7,-859.47,-39.5,半导体概念
264,002335.SZ,科华数据,其他电源设备Ⅱ,AI,-0.9825,14.6,224.2,71.85,-43.4,液冷服务器
265,600460.SH,士兰微,半导体,SEMI,-0.9789,14.6,591.7,57.35,-61.0,半导体概念|国产芯片|第三代半导体
266,001212.SZ,中旗新材,装修建材,SEMI,-0.9724,14.7,65.9,-1523.06,,半导体概念
267,603306.SH,华懋科技,汽车零部件,AI,-0.9714,14.7,240.5,513.98,-56.6,CPO概念|光通信模块
268,002475.SZ,立讯精密,消费电子,AI,-0.9711,14.8,4156.8,28.4,122.5,CPO概念|光通信模块|液冷服务器
269,002367.SZ,康力电梯,专用设备,AI,-0.9691,14.8,42.7,28.98,-62.7,人工智能
270,603991.SH,领先股份,半导体,SEMI,-0.9625,14.9,202.0,99.07,-87.8,先进封装|半导体概念|存储芯片
271,300442.SZ,润泽科技,通信服务,AI,-0.9620,15.0,1024.8,44.0,217.0,液冷服务器|算力概念
272,000672.SZ,上峰材料,水泥,SEMI,-0.9615,15.0,136.2,4.99,81.1,国产芯片
273,300053.SZ,航宇微,半导体,AI+SEMI,-0.9548,15.1,80.0,-99.43,,AI芯片|人工智能|半导体概念|国产芯片|汽车芯片|算力概念
274,600076.SH,康欣新材,包装印刷,SEMI,-0.9505,15.2,41.8,-20.15,,半导体概念
275,601633.SH,长城汽车,乘用车,AI,-0.9502,15.2,1304.8,34.5,5.6,人工智能
276,301070.SZ,开勒股份,通用设备,AI,-0.9489,15.2,81.6,386.65,,AI智能体|人工智能|多模态AI|算力概念
277,300151.SZ,昌红科技,专用设备,SEMI,-0.9466,15.3,85.7,212.24,-89.9,半导体概念
278,601801.SH,皖新传媒,出版,AI,-0.9448,15.3,105.5,7.89,-61.7,人工智能
279,600764.SH,中国海防,航海装备Ⅱ,SEMI,-0.9411,15.3,123.9,119.65,-83.8,国产芯片
280,300936.SZ,中英科技,元件,SEMI,-0.9374,15.4,57.5,-804.14,-91.3,半导体概念
281,001267.SZ,汇绿生态,通信设备,AI,-0.9335,15.5,307.3,567.1,-90.1,CPO概念|光通信模块
282,003019.SZ,宸展光电,光学光电子,AI,-0.9293,15.6,43.8,39.55,-2.7,人工智能
283,300478.SZ,杭州高新,塑料,AI,-0.9227,15.7,36.2,-140.81,,算力概念
284,688096.SH,京源环保,环境治理,AI,-0.9212,15.8,19.4,-104.35,,算力概念
285,688055.SH,龙腾光电,光学光电子,SEMI,-0.9206,15.8,123.7,-44.36,,国产芯片
286,001269.SZ,欧晶科技,光伏设备,SEMI,-0.9156,15.9,36.5,-83.89,,半导体概念
287,688312.SH,燕麦科技,专用设备,AI,-0.9111,15.9,71.0,718.47,-7.0,CPO概念
288,002465.SZ,海格通信,军工电子Ⅱ,AI+SEMI,-0.9108,16.0,243.7,1045.54,,人工智能|国产芯片
289,000062.SZ,深圳华强,其他电子Ⅱ,SEMI,-0.9103,16.0,228.7,28.47,-46.6,半导体概念|第三代半导体
290,002446.SZ,盛路通信,军工电子Ⅱ,SEMI,-0.9057,16.1,76.3,76.32,-92.4,国产芯片
291,002963.SZ,豪尔赛,装修装饰Ⅱ,AI+SEMI,-0.8978,16.2,27.8,-49.05,,国产芯片|液冷服务器
292,002046.SZ,国机精工,通用设备,SEMI,-0.8824,16.5,256.3,-705.61,-69.6,半导体概念|国产芯片
293,688165.SH,埃夫特-U,自动化设备,AI,-0.8798,16.5,83.3,-212.88,,人工智能
294,600459.SH,贵研铂业,小金属,SEMI,-0.8793,16.5,175.8,25.14,-19.2,半导体概念
295,002723.SZ,小崧股份,照明设备Ⅱ,AI,-0.8708,16.7,24.5,-20.38,,液冷服务器
296,688227.SH,品高股份,IT服务Ⅱ,AI+SEMI,-0.8691,16.7,77.8,879.02,,AI智能体|人工智能|国产芯片|算力概念
297,605168.SH,三人行,广告营销,AI,-0.8611,16.8,100.1,227.62,-39.5,AIGC概念|AI应用|人工智能
298,002272.SZ,川润股份,通用设备,AI,-0.8569,16.9,74.7,-60.46,,液冷服务器
299,688536.SH,思瑞浦,半导体,AI+SEMI,-0.8557,16.9,416.6,67.68,200.6,光通信模块|半导体概念|国产芯片|汽车芯片
300,301123.SZ,奕东电子,消费电子,AI,-0.8553,16.9,172.9,455.44,,液冷服务器
301,600560.SH,金自天正,专用设备,AI,-0.8552,17.0,24.6,96.96,-77.4,人工智能
302,301135.SZ,瑞德智能,家电零部件Ⅱ,AI,-0.8446,17.1,21.6,-148.99,-86.9,人工智能
303,600487.SH,亨通光电,通信设备,AI,-0.8410,17.2,1490.4,33.71,30.9,CPO概念|光通信模块|液冷服务器
304,605066.SH,天正电气,电网设备,AI,-0.8349,17.4,36.3,53.63,-91.2,AI应用
305,300134.SZ,大富科技,通信设备,AI+SEMI,-0.8288,17.5,62.2,-29.33,,人工智能|国产芯片
306,603890.SH,春秋电子,消费电子,AI,-0.8287,17.5,88.2,36.33,-35.7,液冷服务器
307,688135.SH,利扬芯片,半导体,AI+SEMI,-0.8279,17.5,58.3,426.0,-99.2,人工智能|先进封装|半导体概念|国产芯片|存储芯片|汽车芯片|算力概念
308,600345.SH,长江通信,通信设备,AI,-0.8272,17.5,157.2,219.06,-23.9,人工智能
309,688579.SH,地纬智能,软件开发,AI,-0.8262,17.5,30.6,-55.84,-96.8,人工智能
310,001368.SZ,通达创智,文娱用品,AI,-0.8248,17.6,26.3,22.79,-11.0,人工智能
311,688716.SH,中研股份,塑料,SEMI,-0.8229,17.6,33.0,-171.51,-98.9,半导体概念
312,002158.SZ,汉钟精机,通用设备,SEMI,-0.8212,17.7,138.8,24.75,-8.0,半导体概念|国产芯片
313,301102.SZ,兆讯传媒,广告营销,AI,-0.8206,17.7,37.6,164.31,,AIGC概念|人工智能
314,300499.SZ,高澜股份,专用设备,AI,-0.8199,17.7,88.4,171.71,-89.8,液冷服务器
315,002049.SZ,紫光国微,半导体,AI+SEMI,-0.8153,17.8,514.3,32.24,83.0,AI芯片|人工智能|半导体概念|国产芯片|存储芯片|汽车芯片|算力概念
316,002171.SZ,楚江新材,工业金属,SEMI,-0.8120,17.9,158.6,28.28,-75.9,半导体概念|第三代半导体
317,300102.SZ,乾照光电,光学光电子,AI+SEMI,-0.7990,18.2,162.2,89.65,-85.2,CPO概念|光通信模块|半导体概念|国产芯片|第三代半导体
318,300249.SZ,依米康,计算机设备,AI,-0.7989,18.2,57.8,137.69,-92.0,人工智能|液冷服务器
319,002837.SZ,英维克,专用设备,AI,-0.7960,18.3,699.2,189.22,-61.6,液冷服务器|英伟达概念
320,000811.SZ,冰轮环境,通用设备,AI,-0.7905,18.4,410.9,66.06,-38.6,液冷服务器
321,603776.SH,永安行,摩托车及其他,SEMI,-0.7827,18.6,57.9,-283.53,,国产芯片|存储芯片
322,300735.SZ,光弘科技,消费电子,AI,-0.7812,18.7,158.4,143.09,-69.7,液冷服务器|算力概念
323,603266.SH,天龙股份,汽车零部件,SEMI,-0.7769,18.8,30.8,25.86,-44.5,国产芯片
324,688251.SH,井松智能,IT服务Ⅱ,AI,-0.7756,18.8,20.8,-29.78,-85.2,人工智能
325,300145.SZ,南方泵业,通用设备,AI,-0.7756,18.8,81.4,21.77,-86.7,液冷服务器
326,603017.SH,中衡设计,工程咨询服务Ⅱ,AI,-0.7736,18.8,25.9,30.94,-82.4,多模态AI
327,300277.SZ,汽轮科技,IT服务Ⅱ,AI,-0.7729,18.9,176.8,52.08,-97.0,人工智能
328,002438.SZ,江苏神通,通用设备,AI,-0.7688,19.0,68.5,22.74,-43.7,液冷服务器
329,300852.SZ,四会富仕,元件,AI,-0.7609,19.1,71.9,40.95,-12.4,CPO概念|光通信模块
330,300316.SZ,晶盛机电,光伏设备,SEMI,-0.7595,19.2,563.0,121.2,-63.5,半导体概念|国产芯片|存储芯片|第三代半导体
331,688350.SH,富淼科技,化学制品,SEMI,-0.7578,19.2,42.1,55.21,-79.9,半导体概念
332,688175.SH,高凌信息,军工电子Ⅱ,AI,-0.7530,19.2,31.8,201.3,,人工智能
333,688273.SH,麦澜德,医疗器械,AI,-0.7494,19.4,29.1,31.69,-14.3,AI智能体|人工智能
334,300903.SZ,科翔股份,元件,SEMI,-0.7411,19.5,338.7,-162.85,,半导体概念|存储芯片|第三代半导体
335,600271.SH,航天信息,IT服务Ⅱ,AI+SEMI,-0.7326,19.6,123.4,-11.75,,AI应用|人工智能|国产芯片
336,603083.SH,剑桥科技,通信设备,AI,-0.7316,19.7,644.4,98.31,27.7,CPO概念|光通信模块|液冷服务器
337,300711.SZ,广哈通信,通信设备,AI,-0.7315,19.7,53.8,229.8,-70.4,AI应用|人工智能
338,688139.SH,海尔生物,医疗器械,AI,-0.7253,19.8,91.8,31.13,-19.3,AI智能体
339,688051.SH,佳华科技,IT服务Ⅱ,AI,-0.7251,19.8,18.7,-23.09,,人工智能
340,601949.SH,中国出版,出版,AI,-0.7242,19.8,97.1,-24.18,-69.8,AI语料
341,603316.SH,诚邦股份,半导体,SEMI,-0.7241,19.9,37.0,39.42,,半导体概念|国产芯片|存储芯片
342,600183.SH,生益科技,元件,SEMI,-0.7211,19.9,3067.8,46.67,113.9,存储芯片
343,300660.SZ,江苏雷利,电机Ⅱ,AI,-0.7206,20.0,136.6,51.97,-53.4,液冷服务器
344,301248.SZ,杰创智能,IT服务Ⅱ,AI,-0.7203,20.0,91.4,-160.7,,人工智能|液冷服务器|算力概念
345,688368.SH,晶丰明源,半导体,AI+SEMI,-0.7102,20.3,248.6,169.1,-61.2,半导体概念|国产芯片|英伟达概念
346,688388.SH,嘉元科技,电池,AI,-0.7078,20.4,196.5,25.71,-76.8,光通信模块
347,605319.SH,无锡振华,汽车零部件,SEMI,-0.7075,20.4,85.5,20.82,34.0,半导体概念|国产芯片
348,688292.SH,浩瀚深度,计算机设备,AI,-0.7036,20.5,26.9,-24.12,,AIGC概念|AI智能体|人工智能|多模态AI
349,688588.SH,凌志软件,软件开发,AI,-0.7019,20.5,36.4,-458.86,-90.2,AIGC概念|AI智能体|人工智能
350,300691.SZ,联合光电,计算机设备,AI,-0.7007,20.5,38.2,-247.01,-89.1,人工智能
351,002886.SZ,沃特股份,塑料,AI+SEMI,-0.7001,20.5,53.9,98.27,-72.1,半导体概念|英伟达概念
352,300700.SZ,岱勒新材,通用设备,SEMI,-0.6989,20.6,73.8,464.42,,半导体概念|第三代半导体
353,688518.SH,联赢激光,自动化设备,SEMI,-0.6984,20.6,68.7,37.37,-51.3,半导体概念
354,603610.SH,麒盛科技,家居用品,SEMI,-0.6969,20.7,52.8,39.15,-73.3,国产芯片
355,000936.SZ,华西股份,化学纤维,AI,-0.6957,20.7,48.3,188.77,-98.0,人工智能
356,300586.SZ,美联新材,塑料,SEMI,-0.6940,20.7,63.8,1120.55,,半导体概念
357,002214.SZ,大立科技,军工电子Ⅱ,AI+SEMI,-0.6926,20.8,89.7,-32.83,,人工智能|国产芯片
358,301153.SZ,中科江南,软件开发,AI,-0.6923,20.8,60.0,-59.87,-65.8,AI应用|人工智能
359,002845.SZ,同兴达,光学光电子,AI+SEMI,-0.6867,21.0,42.3,201.69,-75.2,人工智能|先进封装|半导体概念
360,600703.SH,三安光电,光学光电子,AI+SEMI,-0.6854,21.0,642.6,238.02,,CPO概念|光通信模块|半导体概念|国产芯片|汽车芯片|第三代半导体
361,688623.SH,双元科技,自动化设备,SEMI,-0.6851,21.0,49.4,56.48,-18.5,国产芯片
362,000410.SZ,沈阳机床,通用设备,AI,-0.6703,21.4,133.5,-98.65,,人工智能
363,002025.SZ,航天电器,军工电子Ⅱ,AI,-0.6684,21.4,269.6,129.02,-58.5,CPO概念|光通信模块|液冷服务器
364,688229.SH,博睿数据,IT服务Ⅱ,AI,-0.6623,21.6,28.3,-60.69,,AI应用|人工智能
365,002917.SZ,金奥博,化学制品,AI,-0.6622,21.6,35.3,23.01,-49.0,人工智能
366,603948.SH,建业股份,化学制品,SEMI,-0.6548,21.7,33.0,15.59,43.6,半导体概念
367,002169.SZ,智光电气,电网设备,SEMI,-0.6529,21.8,95.7,109.19,-70.0,半导体概念|国产芯片|第三代半导体
368,002072.SZ,凯瑞德,贸易Ⅱ,SEMI,-0.6510,21.8,26.8,-163.99,,国产芯片|存储芯片
369,300252.SZ,金信诺,军工电子Ⅱ,AI+SEMI,-0.6484,21.9,78.2,92.54,-95.3,人工智能|光通信模块|国产芯片|算力概念
370,301489.SZ,思泉新材,电子化学品Ⅱ,AI,-0.6453,21.9,132.6,124.95,-40.6,液冷服务器
371,600378.SH,昊华科技,化学制品,AI,-0.6438,22.0,570.2,46.28,21.5,液冷服务器
372,300547.SZ,川环科技,汽车零部件,AI,-0.6269,22.3,54.3,34.39,-9.1,液冷服务器
373,688603.SH,天承科技,电子化学品Ⅱ,SEMI,-0.6234,22.5,130.2,108.71,-21.7,先进封装|半导体概念
374,002152.SZ,广电运通,计算机设备,AI,-0.6229,22.5,236.2,26.09,-65.9,AI应用|人工智能
375,688038.SH,中科通达,软件开发,AI,-0.6209,22.6,20.8,-224.43,,AI应用|人工智能|多模态AI
376,600206.SH,有研新材,半导体,SEMI,-0.6169,22.6,444.6,121.26,-62.4,半导体概念|国产芯片|存储芯片
377,688232.SH,新点软件,软件开发,AI,-0.6148,22.7,57.7,-59.99,-83.7,AI应用
378,300041.SZ,回天新材,化学制品,SEMI,-0.6128,22.7,59.3,17.77,-56.2,半导体概念
379,301093.SZ,华兰股份,医疗器械,AI,-0.6108,22.7,167.2,6855.6,-80.1,人工智能
380,000988.SZ,华工科技,自动化设备,AI+SEMI,-0.6066,22.9,1039.2,40.69,69.0,CPO概念|光通信模块|半导体概念
381,002050.SZ,三花智控,家电零部件Ⅱ,AI,-0.6030,23.0,1502.7,40.5,-2.9,液冷服务器
382,688216.SH,气派科技,半导体,SEMI,-0.6028,23.0,34.2,-229.52,,先进封装|半导体概念|国产芯片|存储芯片|第三代半导体
383,301031.SZ,中熔电气,其他电子Ⅱ,SEMI,-0.6020,23.0,133.4,29.29,213.5,国产芯片
384,300861.SZ,美畅股份,通用设备,SEMI,-0.5968,23.2,111.7,14.38,-38.7,半导体概念
385,600831.SH,广电网络,电视广播Ⅱ,AI,-0.5905,23.5,23.4,-3.11,,算力概念
386,688372.SH,伟测科技,半导体,AI+SEMI,-0.5889,23.5,206.5,72.87,106.0,半导体概念|汽车芯片|算力概念
387,603160.SH,汇顶科技,半导体,AI+SEMI,-0.5881,23.5,220.4,43.81,41.2,人工智能|半导体概念|国产芯片|汽车芯片
388,600248.SH,陕建股份,房屋建设Ⅱ,AI,-0.5847,23.6,106.6,14.93,,算力概念
389,600050.SH,中国联通,通信服务,AI,-0.5801,23.7,1328.7,16.05,-77.9,算力概念
390,603258.SH,电魂网络,游戏Ⅱ,AI,-0.5799,23.7,30.5,-33.78,,AIGC概念
391,688375.SH,国博电子,军工电子Ⅱ,SEMI,-0.5798,23.8,461.4,235.05,-32.2,国产芯片|第三代半导体
392,603158.SH,腾龙股份,汽车零部件,AI,-0.5793,23.8,49.1,23.13,-87.8,液冷服务器
393,002238.SZ,天威视讯,电视广播Ⅱ,AI,-0.5779,23.8,51.2,-59.43,,人工智能
394,688252.SH,天德钰,半导体,SEMI,-0.5688,23.9,79.2,28.69,-46.4,半导体概念|国产芯片
395,300456.SZ,赛微电子,半导体,SEMI,-0.5632,24.1,225.9,-115.02,94.1,先进封装|半导体概念|国产芯片|第三代半导体
396,000551.SZ,创元科技,环保设备Ⅱ,SEMI,-0.5612,24.1,59.4,16.53,-35.3,半导体概念
397,002792.SZ,通宇通讯,通信设备,AI,-0.5601,24.1,158.7,-306.96,-96.8,人工智能|光通信模块
398,000967.SZ,盈峰环境,环保设备Ⅱ,AI,-0.5584,24.2,275.8,32.17,-82.6,算力概念
399,603929.SH,亚翔集成,专业工程,SEMI,-0.5583,24.2,353.8,36.07,472.6,半导体概念|国产芯片
400,603007.SH,顺景科技,汽车零部件,SEMI,-0.5566,24.3,40.0,-164.24,,半导体概念
401,002384.SZ,东山精密,元件,AI,-0.5561,24.3,3546.0,59.96,95.7,CPO概念|光通信模块
402,002401.SZ,中远海科,IT服务Ⅱ,AI,-0.5519,24.5,45.2,154.79,-90.5,人工智能
403,301379.SZ,天山电子,光学光电子,AI+SEMI,-0.5517,24.5,59.7,75.69,-54.7,人工智能|存储芯片
404,001298.SZ,好上好,其他电子Ⅱ,SEMI,-0.5516,24.6,75.0,31.76,-72.8,国产芯片|存储芯片
405,002685.SZ,华东重机,工程机械,SEMI,-0.5511,24.6,54.2,43.67,-89.8,半导体概念|国产芯片
406,301522.SZ,上大股份,金属新材料,SEMI,-0.5485,24.7,83.7,68.07,-72.5,半导体概念
407,003026.SZ,中晶科技,半导体,SEMI,-0.5458,24.7,54.9,99.11,-73.4,半导体概念|国产芯片
408,002416.SZ,爱施德,专业连锁Ⅱ,AI,-0.5430,24.8,115.6,124.43,-83.9,算力概念
409,600596.SH,新安股份,农化制品,AI,-0.5423,24.8,140.1,27.55,-75.4,液冷服务器
410,603281.SH,江瀚新材,化学制品,SEMI,-0.5418,24.8,97.9,27.49,-25.6,半导体概念
411,688653.SH,康希通信,半导体,SEMI,-0.5404,24.9,65.0,333.49,,半导体概念|国产芯片
412,300489.SZ,光智科技,光学光电子,SEMI,-0.5397,24.9,281.3,457.18,,第三代半导体
413,603075.SH,热威股份,家电零部件Ⅱ,SEMI,-0.5389,25.0,76.6,23.44,-19.0,半导体概念
414,300306.SZ,远方信息,通用设备,AI,-0.5375,25.0,27.1,41.64,-73.9,人工智能
415,300303.SZ,聚飞光电,光学光电子,AI+SEMI,-0.5372,25.1,97.3,47.62,-79.9,光通信模块|半导体概念|国产芯片
416,603019.SH,中科曙光,计算机设备,AI+SEMI,-0.5369,25.1,1202.4,61.49,65.8,人工智能|国产芯片|液冷服务器|算力概念
417,300341.SZ,麦克奥迪,电网设备,AI,-0.5319,25.2,66.8,30.24,-63.2,人工智能
418,600480.SH,凌云股份,汽车零部件,AI,-0.5304,25.2,100.6,16.53,-42.2,液冷服务器
419,603368.SH,柳药集团,医药商业,AI,-0.5158,25.7,62.5,6.96,65.3,人工智能
420,688584.SH,上海合晶,半导体,SEMI,-0.5140,25.7,199.4,397.1,-82.3,半导体概念
421,688559.SH,海目星,自动化设备,AI+SEMI,-0.5109,25.8,137.4,136.24,,先进封装|液冷服务器
422,600110.SH,诺德股份,电池,AI,-0.5057,26.0,192.1,93.33,,英伟达概念
423,600308.SH,华泰股份,造纸,AI,-0.5011,26.1,48.1,127.27,,AI语料|人工智能
424,301338.SZ,凯格精机,专用设备,AI+SEMI,-0.4996,26.1,145.2,52.84,72.5,光通信模块|半导体概念
425,603209.SH,兴通股份,航运港口,AI,-0.4977,26.2,47.6,11.17,6.9,人工智能
426,688425.SH,铁建重工,工程机械,AI,-0.4974,26.2,214.4,21.24,-76.5,AI智能体
427,301297.SZ,富乐德,半导体,SEMI,-0.4965,26.3,249.3,60.29,-28.7,半导体概念
428,001314.SZ,亿道信息,消费电子,AI,-0.4952,26.3,74.9,19.12,75.1,人工智能
429,688719.SH,爱科赛博,其他电源设备Ⅱ,AI,-0.4939,26.3,56.7,-80.76,,液冷服务器
430,000938.SZ,紫光股份,IT服务Ⅱ,AI+SEMI,-0.4840,26.6,986.4,31.3,-25.7,CPO概念|人工智能|国产芯片|液冷服务器|算力概念|英伟达概念
431,600360.SH,华微电子,半导体,SEMI,-0.4822,26.7,100.4,43.37,-81.7,半导体概念|国产芯片|第三代半导体
432,000927.SZ,中国铁物,轨交设备Ⅱ,AI,-0.4803,26.8,145.8,35.96,-91.7,AI应用
433,000541.SZ,佛山照明,照明设备Ⅱ,SEMI,-0.4794,26.8,75.4,72.11,-88.5,半导体概念|汽车芯片
434,300992.SZ,泰福泵业,通用设备,AI,-0.4785,26.8,22.9,-63.1,,液冷服务器
435,300410.SZ,正业科技,电池,SEMI,-0.4785,26.9,28.6,55.78,-89.1,半导体概念
436,601138.SH,工业富联,消费电子,AI,-0.4766,26.9,11985.8,25.24,136.4,CPO概念|人工智能|液冷服务器|算力概念|英伟达概念
437,002364.SZ,中恒电气,其他电源设备Ⅱ,AI+SEMI,-0.4763,26.9,211.3,211.88,-76.8,人工智能|第三代半导体|算力概念
438,603058.SH,永吉股份,包装印刷,SEMI,-0.4738,27.1,36.6,22.32,-74.1,半导体概念
439,002106.SZ,莱宝高科,光学光电子,SEMI,-0.4706,27.2,71.7,51.38,-71.0,先进封装
440,002119.SZ,康强电子,半导体,SEMI,-0.4668,27.3,86.5,68.28,-67.9,半导体概念|存储芯片
441,688432.SH,有研硅,半导体,SEMI,-0.4660,27.4,603.8,227.28,-81.1,半导体概念|存储芯片
442,603353.SH,和顺石油,炼化及贸易,SEMI,-0.4656,27.4,51.4,58.26,,先进封装|半导体概念|国产芯片|存储芯片
443,300620.SZ,光库科技,通信设备,AI+SEMI,-0.4607,27.6,745.0,251.02,9.6,CPO概念|光通信模块|国产芯片
444,688788.SH,科思科技,军工电子Ⅱ,AI+SEMI,-0.4593,27.7,67.1,-19.05,,人工智能|国产芯片
445,002243.SZ,力合科创,化妆品,SEMI,-0.4555,27.8,87.8,34.28,-84.6,半导体概念|国产芯片
446,300670.SZ,大烨智能,电网设备,SEMI,-0.4541,27.8,20.5,145.32,,半导体概念
447,688439.SH,振华风光,军工电子Ⅱ,SEMI,-0.4473,27.9,76.2,-141.93,-31.7,先进封装|半导体概念|国产芯片|存储芯片
448,603236.SH,移远通信,通信设备,AI,-0.4472,27.9,231.0,19.18,138.9,英伟达概念
449,300397.SZ,天和防务,军工电子Ⅱ,AI+SEMI,-0.4465,28.0,58.6,137.83,,人工智能|国产芯片
450,301581.SZ,黄山谷捷,汽车零部件,SEMI,-0.4432,28.0,29.8,212.8,-69.7,半导体概念
451,603687.SH,大胜达,包装印刷,AI+SEMI,-0.4426,28.0,72.1,81.64,-87.4,AIGC概念|人工智能|国产芯片
452,600584.SH,长电科技,半导体,AI+SEMI,-0.4416,28.1,1320.6,78.17,8.4,CPO概念|先进封装|半导体概念|国产芯片|存储芯片|汽车芯片
453,002183.SZ,怡 亚 通,贸易Ⅱ,AI+SEMI,-0.4402,28.1,113.5,168.74,,半导体概念|国产芯片|存储芯片|算力概念
454,605589.SH,圣泉集团,塑料,SEMI,-0.4381,28.1,317.6,35.49,12.6,先进封装|存储芯片
455,002871.SZ,伟隆股份,通用设备,AI,-0.4378,28.2,41.3,45.8,-47.9,人工智能|液冷服务器
456,301330.SZ,熵基科技,计算机设备,AI,-0.4373,28.2,55.4,109.57,-15.9,AIGC概念|AI智能体|人工智能|多模态AI
457,688358.SH,祥生医疗,医疗器械,AI,-0.4337,28.3,31.4,17.08,7.8,AI应用|人工智能
458,300730.SZ,科创信息,软件开发,AI,-0.4308,28.4,26.9,-53.08,,人工智能
459,300590.SZ,移为通信,通信设备,AI+SEMI,-0.4299,28.4,49.6,23.86,-74.8,AI智能体|人工智能|国产芯片
460,002611.SZ,东方精工,专用设备,AI,-0.4265,28.5,176.0,2.29,242.7,AI智能体|人工智能|多模态AI
461,300331.SZ,苏大维格,光学光电子,SEMI,-0.4254,28.5,125.7,126.33,-99.8,半导体概念
462,301311.SZ,昆船智能,通用设备,AI,-0.4249,28.5,32.2,-31.71,,人工智能
463,002949.SZ,华阳国际,工程咨询服务Ⅱ,AI,-0.4243,28.5,22.2,124.12,-52.8,人工智能
464,002079.SZ,苏州固锝,光伏设备,SEMI,-0.4210,28.6,85.2,25.07,-86.6,先进封装|半导体概念|国产芯片|第三代半导体
465,688693.SH,锴威特,半导体,SEMI,-0.4201,28.7,55.7,-77.33,,半导体概念|汽车芯片|第三代半导体
466,002031.SZ,巨轮智能,专用设备,AI,-0.4135,28.8,110.6,-77.16,,人工智能
467,603171.SH,税友股份,IT服务Ⅱ,AI,-0.4135,28.8,168.5,89.63,-60.8,AI应用|AI智能体|人工智能
468,002344.SZ,海宁皮城,一般零售,SEMI,-0.4105,28.9,48.9,32.8,-96.2,国产芯片
469,300844.SZ,山水比德,工程咨询服务Ⅱ,AI,-0.4099,29.0,21.8,-28.69,,AIGC概念|人工智能
470,301603.SZ,乔锋智能,通用设备,AI,-0.4065,29.2,143.7,26.29,269.0,液冷服务器
471,300256.SZ,星星科技,消费电子,SEMI,-0.4064,29.2,61.5,-97.35,,国产芯片
472,300665.SZ,飞鹿股份,化学制品,SEMI,-0.4003,29.4,20.7,-46.08,,半导体概念
473,002565.SZ,顺灏股份,包装印刷,AI,-0.3990,29.4,89.5,140.95,-94.6,算力概念
474,688027.SH,国盾量子,通信设备,SEMI,-0.3989,29.5,379.7,-819.1,-94.2,国产芯片
475,688052.SH,纳芯微,半导体,SEMI,-0.3962,29.6,379.3,-265.37,,半导体概念|国产芯片|汽车芯片
476,300293.SZ,蓝英装备,专用设备,AI,-0.3945,29.6,53.1,-1249.76,,人工智能
477,603678.SH,火炬电子,军工电子Ⅱ,SEMI,-0.3926,29.7,222.2,45.82,-36.7,半导体概念
478,301021.SZ,英诺激光,自动化设备,SEMI,-0.3912,29.7,115.2,249.9,-56.3,半导体概念|第三代半导体
479,000521.SZ,长虹美菱,白色家电,AI,-0.3892,29.8,49.5,42.72,-95.0,人工智能
480,002011.SZ,盾安环境,家电零部件Ⅱ,AI,-0.3878,29.8,105.2,13.41,-1.7,液冷服务器
481,002869.SZ,金溢科技,计算机设备,AI,-0.3878,29.9,28.2,-36.12,,人工智能
482,688512.SH,慧智微-U,半导体,SEMI,-0.3874,29.9,65.0,-24.47,,半导体概念
483,000977.SZ,浪潮信息,计算机设备,AI,-0.3807,30.1,1075.2,44.44,74.0,人工智能|液冷服务器|算力概念|英伟达概念
484,688311.SH,盟升电子,军工电子Ⅱ,SEMI,-0.3804,30.1,38.8,-63.48,,先进封装
485,688450.SH,光格科技,电网设备,AI,-0.3786,30.2,21.6,-119.26,,人工智能
486,600105.SH,永鼎股份,通信设备,AI+SEMI,-0.3781,30.2,556.3,55.25,-71.4,CPO概念|光通信模块|国产芯片
487,301607.SZ,富特科技,汽车零部件,SEMI,-0.3701,30.4,98.9,32.14,16.3,第三代半导体
488,002646.SZ,天佑德酒,白酒Ⅱ,AI,-0.3666,30.5,32.4,16.7,,AI智能体
489,000733.SZ,振华科技,军工电子Ⅱ,AI+SEMI,-0.3657,30.5,216.7,340.53,77.3,CPO概念|光通信模块|半导体概念|国产芯片
490,300656.SZ,民德电子,其他电子Ⅱ,SEMI,-0.3652,30.6,43.8,-41.74,,半导体概念|国产芯片|第三代半导体
491,300206.SZ,理邦仪器,医疗器械,AI,-0.3626,30.7,69.2,16.46,-40.4,人工智能
492,002063.SZ,远光软件,软件开发,AI,-0.3590,30.7,100.9,233.2,-84.3,AI应用|人工智能
493,002669.SZ,康达新材,化学制品,SEMI,-0.3575,30.8,34.7,60.57,-66.1,半导体概念|国产芯片
494,605020.SH,永和股份,化学制品,AI,-0.3563,30.8,160.0,15.6,57.2,液冷服务器
495,300667.SZ,必创科技,通用设备,SEMI,-0.3551,30.9,29.2,208.05,,国产芯片
496,003004.SZ,声迅股份,计算机设备,AI,-0.3459,31.2,56.4,-418.05,,人工智能|多模态AI
497,603505.SH,金石资源,化学制品,AI,-0.3443,31.3,129.1,71.95,-65.6,液冷服务器
498,688392.SH,骄成超声,电池,SEMI,-0.3434,31.3,223.5,111.06,24.6,先进封装|半导体概念|存储芯片
499,600998.SH,九州通,医药商业,AI,-0.3430,31.3,248.1,10.33,-60.1,人工智能
500,603339.SH,四方科技,通用设备,AI,-0.3421,31.3,42.7,24.76,-44.6,液冷服务器
501,603773.SH,沃格光电,光学光电子,AI+SEMI,-0.3352,31.6,212.5,-103.96,,CPO概念|先进封装|半导体概念
502,688067.SH,爱威科技,医疗器械,AI,-0.3346,31.6,15.3,51.62,-55.9,人工智能
503,603078.SH,江化微,电子化学品Ⅱ,SEMI,-0.3339,31.6,134.2,116.59,-72.3,半导体概念|国产芯片|存储芯片
504,300334.SZ,津膜科技,环境治理,SEMI,-0.3284,31.7,25.0,277.66,,国产芯片
505,688230.SH,芯导科技,半导体,SEMI,-0.3267,31.8,62.5,52.17,-4.7,半导体概念|国产芯片|第三代半导体
506,603018.SH,华设集团,工程咨询服务Ⅱ,AI,-0.3248,31.9,42.6,15.64,-65.3,AIGC概念|人工智能
507,002678.SZ,珠江钢琴,文娱用品,AI,-0.3244,31.9,65.2,-25.86,,人工智能
508,603139.SH,康惠股份,中药Ⅱ,AI,-0.3221,32.0,36.1,43.23,,算力概念
509,600637.SH,东方明珠,电视广播Ⅱ,AI,-0.3203,32.2,269.0,31.84,-79.3,AI智能体|人工智能
510,002436.SZ,兴森科技,元件,AI+SEMI,-0.3199,32.2,565.0,255.63,-87.3,光通信模块|半导体概念|国产芯片
511,600229.SH,城市传媒,出版,AI,-0.3194,32.2,33.6,31.35,,AIGC概念|人工智能
512,603118.SH,共进股份,通信设备,AI,-0.3192,32.2,126.0,128.88,-89.8,CPO概念
513,301479.SZ,弘景光电,光学光电子,AI,-0.3189,32.3,60.4,49.93,42.7,人工智能|光通信模块
514,688261.SH,东微半导,半导体,AI+SEMI,-0.3188,32.3,87.9,41.33,1.9,半导体概念|第四代半导体|算力概念
515,600704.SH,物产中大,物流,AI+SEMI,-0.3166,32.4,252.4,6.36,-31.0,人工智能|半导体概念
516,301129.SZ,瑞纳智能,通用设备,AI+SEMI,-0.3109,32.5,32.4,139.77,-6.3,AI应用|AI智能体|人工智能|半导体概念|第三代半导体
517,603270.SH,金帝股份,通用设备,AI,-0.3107,32.5,60.8,36.36,-31.4,液冷服务器
518,002980.SZ,华盛昌,电网设备,AI,-0.3083,32.6,177.1,249.25,-58.8,AI智能体|人工智能|光通信模块
519,603618.SH,杭电股份,电网设备,AI,-0.3074,32.7,192.2,59.44,,光通信模块
520,688618.SH,三旺通信,通信设备,AI+SEMI,-0.3069,32.7,33.1,-970.21,-75.3,人工智能|半导体概念
521,002617.SZ,露笑科技,电力,SEMI,-0.3035,32.7,115.7,40.79,-90.3,半导体概念|第三代半导体
522,688709.SH,成都华微,半导体,AI+SEMI,-0.2990,32.9,159.0,-59.22,-89.9,AI芯片|人工智能|半导体概念|存储芯片
523,600522.SH,中天科技,通信设备,AI+SEMI,-0.2986,32.9,1110.2,30.2,-6.4,CPO概念|光通信模块|半导体概念|液冷服务器|算力概念
524,300263.SZ,隆华科技,通用设备,SEMI,-0.2982,32.9,105.5,40.88,-79.8,半导体概念
525,300322.SZ,硕贝德,消费电子,AI+SEMI,-0.2973,33.0,78.4,155.11,-87.7,半导体概念|液冷服务器
526,002402.SZ,和而泰,家电零部件Ⅱ,AI+SEMI,-0.2913,33.1,168.0,35.03,-40.5,人工智能|半导体概念|国产芯片|第三代半导体
527,301626.SZ,苏州天脉,消费电子,AI+SEMI,-0.2899,33.2,291.5,584.9,-2.5,光通信模块|国产芯片|液冷服务器
528,600228.SH,返利科技,数字媒体,AI,-0.2869,33.3,34.2,-60.31,,AI应用|人工智能
529,300416.SZ,苏试试验,专业服务,SEMI,-0.2838,33.3,72.9,28.17,-47.0,国产芯片
530,300120.SZ,经纬辉开,光学光电子,SEMI,-0.2800,33.4,51.2,410.98,,半导体概念|国产芯片
531,301571.SZ,国科天成,军工电子Ⅱ,SEMI,-0.2796,33.4,116.5,116.83,20.3,半导体概念|国产芯片
532,603031.SH,安孚科技,电池,AI+SEMI,-0.2794,33.5,142.0,36.15,-15.5,AI芯片|CPO概念|国产芯片
533,300260.SZ,新莱应材,通用设备,AI+SEMI,-0.2788,33.5,241.1,114.05,-56.6,半导体概念|液冷服务器
534,300370.SZ,安控科技,通用设备,AI,-0.2756,33.6,33.8,-32.53,,AI应用|人工智能
535,600845.SH,宝信软件,IT服务Ⅱ,AI,-0.2753,33.6,490.1,34.67,-54.5,AI应用|人工智能
536,600658.SH,电子城,房地产开发,AI+SEMI,-0.2720,33.7,43.6,-9.31,,人工智能|半导体概念
537,605398.SH,新炬网络,IT服务Ⅱ,AI,-0.2707,33.8,32.3,257.77,-91.5,人工智能
538,300235.SZ,方直科技,软件开发,AI,-0.2706,33.8,26.7,230.91,-91.5,AI应用|人工智能
539,002093.SZ,国脉科技,教育,AI,-0.2671,34.0,66.8,-89.17,-93.4,AI智能体|人工智能
540,000070.SZ,特发信息,通信设备,AI,-0.2630,34.0,126.9,-332.65,,CPO概念|人工智能
541,601127.SH,赛力斯,乘用车,AI,-0.2608,34.1,866.6,-25.24,-25.4,人工智能
542,000156.SZ,华数传媒,电视广播Ⅱ,AI,-0.2598,34.1,123.6,29.4,-77.2,AIGC概念
543,002117.SZ,东港股份,包装印刷,AI,-0.2533,34.5,42.6,21.59,-68.6,算力概念
544,000785.SZ,居然智家,一般零售,AI,-0.2505,34.5,138.9,55.9,,AI智能体
545,002975.SZ,博杰股份,自动化设备,AI+SEMI,-0.2492,34.5,226.6,85.96,11.9,人工智能|半导体概念|存储芯片|液冷服务器|英伟达概念
546,002722.SZ,物产金轮,专用设备,AI,-0.2488,34.6,28.5,16.69,-20.4,AIGC概念|人工智能
547,300751.SZ,迈为股份,光伏设备,SEMI,-0.2484,34.6,562.6,111.58,107.9,半导体概念|存储芯片
548,002156.SZ,通富微电,半导体,AI+SEMI,-0.2433,34.7,929.4,70.61,-4.7,CPO概念|先进封装|半导体概念|国产芯片|存储芯片|第三代半导体
549,002414.SZ,高德红外,军工电子Ⅱ,AI+SEMI,-0.2429,34.7,572.7,39.13,-77.3,人工智能|半导体概念|国产芯片
550,301369.SZ,联动科技,半导体,SEMI,-0.2429,34.7,134.1,981.99,-61.3,半导体概念|第三代半导体
551,300214.SZ,日科化学,化学制品,AI,-0.2382,35.0,57.0,94.22,,液冷服务器|算力概念
552,300052.SZ,中青宝,IT服务Ⅱ,AI,-0.2380,35.0,27.3,-47.53,,算力概念
553,002290.SZ,禾盛新材,家电零部件Ⅱ,AI+SEMI,-0.2347,35.2,155.0,56.89,-18.4,AI芯片|人工智能|国产芯片
554,600330.SH,天通股份,电子化学品Ⅱ,AI+SEMI,-0.2312,35.3,321.6,-192.11,,CPO概念|半导体概念|国产芯片
555,000034.SZ,神州数码,IT服务Ⅱ,AI+SEMI,-0.2296,35.4,233.7,24.76,-46.7,AI应用|人工智能|存储芯片|液冷服务器|英伟达概念
556,688466.SH,金科环境,环境治理,AI,-0.2281,35.4,16.8,64.62,-83.4,AI智能体
557,300643.SZ,万通智控,汽车零部件,AI,-0.2263,35.5,41.5,26.27,-30.7,AI芯片
558,300729.SZ,乐歌股份,家居用品,AI,-0.2258,35.5,34.7,1074.81,-39.0,人工智能
559,688655.SH,迅捷兴,元件,SEMI,-0.2249,35.6,55.7,195.41,,汽车芯片
560,301117.SZ,佳缘科技,计算机设备,AI+SEMI,-0.2236,35.6,32.0,-33.14,,人工智能|国产芯片
561,002881.SZ,美格智能,通信设备,AI,-0.2227,35.7,120.7,64.68,-52.6,AI智能体|算力概念
562,300617.SZ,安靠智电,电网设备,AI,-0.2205,35.8,66.3,43.37,-49.3,算力概念
563,003040.SZ,楚天龙,通信设备,AI,-0.2204,35.8,64.9,-132.1,,AI应用
564,603466.SH,风语筑,数字媒体,AI,-0.2147,36.0,65.6,38.46,,AIGC概念
565,688208.SH,道通科技,计算机设备,AI,-0.2139,36.0,164.7,18.98,32.7,人工智能
566,003009.SZ,中天火箭,航天装备Ⅱ,SEMI,-0.2111,36.1,74.7,220.7,,半导体概念|第三代半导体
567,300373.SZ,扬杰科技,半导体,AI+SEMI,-0.2062,36.3,531.4,34.47,162.8,半导体概念|国产芯片|汽车芯片|第三代半导体|英伟达概念
568,601360.SH,三六零,软件开发,AI,-0.2051,36.3,599.9,139.06,-89.1,AI应用|AI智能体|人工智能|多模态AI
569,002819.SZ,东方中科,通用设备,AI,-0.2043,36.4,63.4,-44.2,,AI应用|人工智能
570,002972.SZ,科安达,轨交设备Ⅱ,AI,-0.1983,36.7,31.0,33.06,-66.4,人工智能
571,301157.SZ,华塑科技,其他电源设备Ⅱ,AI,-0.1980,36.7,35.9,91.77,-48.3,液冷服务器
572,600728.SH,佳都科技,IT服务Ⅱ,AI,-0.1972,36.8,96.2,195.08,-96.9,AI应用|人工智能|多模态AI
573,002713.SZ,东易日盛,装修装饰Ⅱ,AI,-0.1966,36.8,86.1,-126.45,-96.0,人工智能|算力概念
574,688069.SH,德林海,环境治理,AI,-0.1952,36.9,54.6,-191.44,-38.5,人工智能
575,688297.SH,中无人机,航空装备Ⅱ,AI,-0.1944,36.9,258.5,235.28,-83.4,人工智能
576,300655.SZ,晶瑞电材,电子化学品Ⅱ,SEMI,-0.1928,37.0,142.6,532.86,-90.0,半导体概念|国产芯片|存储芯片
577,001388.SZ,信通电子,电网设备,AI,-0.1898,37.1,49.0,169.75,-56.8,AI应用|人工智能|多模态AI|算力概念
578,300853.SZ,申昊科技,电网设备,AI,-0.1889,37.1,39.2,-32.73,,人工智能
579,688689.SH,银河微电,半导体,SEMI,-0.1885,37.2,57.1,59.15,-30.3,先进封装|半导体概念|国产芯片|汽车芯片|第三代半导体
580,300222.SZ,科大智能,电网设备,AI,-0.1870,37.2,78.6,41.9,-87.5,人工智能
581,300271.SZ,华宇软件,IT服务Ⅱ,AI,-0.1867,37.2,43.1,-19.16,,AI应用|人工智能
582,600850.SH,电科数字,IT服务Ⅱ,AI,-0.1836,37.3,115.5,114.42,-62.8,人工智能|液冷服务器
583,600353.SH,旭光电子,其他电子Ⅱ,AI+SEMI,-0.1806,37.4,306.8,229.86,-80.1,国产芯片|第三代半导体|算力概念
584,002023.SZ,海特高新,航空装备Ⅱ,SEMI,-0.1803,37.5,72.5,70.77,,半导体概念|国产芯片|第三代半导体
585,002660.SZ,茂硕电源,消费电子,SEMI,-0.1756,37.6,26.2,-43.0,,第三代半导体
586,688591.SH,泰凌微,半导体,AI+SEMI,-0.1745,37.6,64.5,194.55,-58.7,AI芯片|半导体概念|国产芯片|英伟达概念
587,603803.SH,瑞斯康达,通信设备,AI+SEMI,-0.1722,37.7,47.3,172.79,,CPO概念|国产芯片|算力概念
588,600895.SH,张江高科,房地产开发,AI+SEMI,-0.1669,37.9,470.0,71.34,-38.9,人工智能|半导体概念|国产芯片
589,300724.SZ,捷佳伟创,光伏设备,SEMI,-0.1644,38.0,196.1,18.14,525.4,半导体概念
590,603088.SH,宁波精达,通用设备,AI,-0.1623,38.0,47.9,149.33,-81.7,液冷服务器
591,603267.SH,鸿远电子,军工电子Ⅱ,AI+SEMI,-0.1620,38.1,108.1,28.07,23.8,光通信模块|半导体概念
592,002008.SZ,大族激光,自动化设备,SEMI,-0.1609,38.1,886.5,34.41,93.2,半导体概念|第三代半导体
593,600438.SH,通威股份,光伏设备,SEMI,-0.1606,38.1,545.6,-5.58,,半导体概念
594,603903.SH,中持股份,环境治理,SEMI,-0.1603,38.1,36.7,53.26,,国产芯片
595,688172.SH,燕东微,半导体,AI+SEMI,-0.1590,38.2,760.2,-87.47,,光通信模块|半导体概念|第三代半导体
596,603596.SH,伯特利,汽车零部件,AI,-0.1589,38.2,231.1,21.51,45.6,人工智能
597,300762.SZ,上海瀚讯,军工电子Ⅱ,SEMI,-0.1558,38.4,175.9,-99.43,,国产芯片
598,002587.SZ,奥拓电子,光学光电子,AI,-0.1556,38.4,34.9,127.63,-97.5,AIGC概念|人工智能|英伟达概念
599,688207.SH,格灵深瞳,IT服务Ⅱ,AI,-0.1553,38.4,45.9,-24.15,,人工智能
600,003013.SZ,地铁设计,工程咨询服务Ⅱ,AI,-0.1539,38.4,87.5,30.38,-19.3,人工智能
601,688088.SH,虹软科技,IT服务Ⅱ,AI+SEMI,-0.1530,38.5,122.0,56.41,-34.5,AI应用|人工智能|国产芯片
602,000925.SZ,众合科技,轨交设备Ⅱ,AI+SEMI,-0.1519,38.5,60.7,-186.44,,AI应用|人工智能|半导体概念|国产芯片|算力概念
603,000519.SZ,中兵红箭,地面兵装Ⅱ,SEMI,-0.1514,38.5,193.8,260.56,-91.4,半导体概念
604,605117.SH,德业股份,光伏设备,SEMI,-0.1506,38.6,1200.8,25.27,186.9,国产芯片
605,600282.SH,南钢股份,普钢,AI,-0.1463,38.7,294.7,11.14,-55.8,人工智能
606,603888.SH,新华网,数字媒体,AI,-0.1447,38.7,117.2,74.42,-55.5,AIGC概念|AI应用|AI语料|人工智能|多模态AI
607,601869.SH,长飞光纤,通信设备,AI+SEMI,-0.1441,38.8,3139.3,53.67,315.8,光通信模块|第三代半导体
608,600820.SH,隧道股份,基础建设,SEMI,-0.1428,38.8,169.2,14.23,-30.7,国产芯片
609,300682.SZ,朗新科技,IT服务Ⅱ,AI,-0.1424,38.8,99.1,-27.45,,人工智能
610,601778.SH,晶科科技,电力,AI,-0.1417,38.9,133.7,-25.94,-93.7,算力概念
611,002668.SZ,TCL智家,白色家电,AI,-0.1411,38.9,106.2,10.38,-8.1,人工智能
612,000100.SZ,TCL科技,光学光电子,AI+SEMI,-0.1376,39.1,1023.4,16.44,-75.7,AI芯片|人工智能|半导体概念
613,300088.SZ,长信科技,光学光电子,AI,-0.1376,39.1,174.6,91.09,-93.1,算力概念
614,688058.SH,宝兰德,软件开发,AI,-0.1357,39.1,17.1,-12.36,,AI应用|人工智能
615,605111.SH,新洁能,半导体,AI+SEMI,-0.1342,39.2,247.1,52.95,-5.6,半导体概念|国产芯片|汽车芯片|第三代半导体|算力概念
616,002226.SZ,江南化工,化学制品,AI,-0.1323,39.2,133.8,26.29,-78.9,人工智能
617,600941.SH,中国移动,通信服务,AI,-0.1319,39.3,21151.5,13.4,507.7,算力概念
618,300005.SZ,探路者,服装家纺,SEMI,-0.1300,39.4,91.8,89.57,-87.5,先进封装|国产芯片
619,601868.SH,XD中国能,基础建设,AI,-0.1277,39.5,1106.0,19.01,-87.2,算力概念
620,600699.SH,均胜电子,汽车零部件,AI,-0.1240,39.7,296.0,18.41,-9.9,光通信模块|英伟达概念
621,000625.SZ,长安汽车,乘用车,AI,-0.1239,39.7,698.9,49.84,-69.0,人工智能
622,000620.SZ,盈新发展,房地产开发,SEMI,-0.1236,39.7,203.8,118.32,,存储芯片
623,002051.SZ,中工国际,专业工程,AI,-0.1220,39.8,103.5,39.73,-78.2,液冷服务器|算力概念
624,688509.SH,正元地信,IT服务Ⅱ,AI,-0.1220,39.8,31.8,-24.45,,人工智能
625,600131.SH,国网信通,IT服务Ⅱ,AI,-0.1216,39.9,178.6,38.59,-48.0,AI智能体|人工智能|算力概念
626,301195.SZ,北路智控,软件开发,AI,-0.1201,39.9,34.5,37.73,-3.9,人工智能
627,688598.SH,金博股份,非金属材料Ⅱ,SEMI,-0.1155,40.2,76.5,-24.34,,半导体概念|第三代半导体
628,300223.SZ,君正股份,半导体,AI+SEMI,-0.1148,40.2,646.5,50.67,28.5,人工智能|半导体概念|国产芯片|存储芯片|汽车芯片
629,600623.SH,华谊集团,化学原料,SEMI,-0.1146,40.2,171.3,17.46,-73.7,半导体概念
630,600877.SH,电科芯片,半导体,SEMI,-0.1143,40.3,141.0,-560.25,-98.1,半导体概念|国产芯片|汽车芯片
631,600141.SH,兴发集团,农化制品,SEMI,-0.1116,40.3,363.0,21.73,33.2,半导体概念
632,688217.SH,睿昂基因,医疗器械,AI,-0.1116,40.4,13.6,-68.04,,人工智能
633,301628.SZ,强达电路,元件,AI+SEMI,-0.1115,40.4,66.7,73.7,55.3,光通信模块|半导体概念
634,600825.SH,新华传媒,出版,AI,-0.1107,40.4,51.0,967.02,-95.9,AI语料
635,002625.SZ,光启技术,航空装备Ⅱ,AI,-0.1091,40.5,599.4,85.07,-66.9,人工智能
636,603912.SH,佳力图,通用设备,AI,-0.1088,40.6,44.7,-55.23,,液冷服务器
637,000665.SZ,湖北广电,电视广播Ⅱ,AI,-0.1065,40.7,43.3,-8.65,,算力概念
638,688500.SH,慧辰股份,IT服务Ⅱ,AI,-0.1056,40.7,27.1,-24.62,,AIGC概念|AI应用|AI智能体|AI语料|人工智能|算力概念
639,300329.SZ,海伦钢琴,文娱用品,AI,-0.1010,40.9,30.2,-36.67,,AI应用|人工智能
640,688489.SH,三未信安,计算机设备,AI+SEMI,-0.0988,41.0,39.4,-43.57,,人工智能|国产芯片
641,688228.SH,开普云,IT服务Ⅱ,AI,-0.0985,41.0,55.7,-165.14,,AIGC概念|AI应用|人工智能|多模态AI
642,002380.SZ,科远智慧,IT服务Ⅱ,AI,-0.0983,41.0,65.9,20.32,-31.2,AI应用|人工智能
643,002885.SZ,京泉华,其他电子Ⅱ,SEMI,-0.0975,41.1,76.4,62.05,-64.3,第三代半导体
644,688396.SH,华润微,半导体,SEMI,-0.0967,41.1,813.1,56.28,-21.4,先进封装|半导体概念|国产芯片|存储芯片|汽车芯片|第三代半导体
645,002449.SZ,国星光电,光学光电子,AI+SEMI,-0.0948,41.3,40.3,-41.23,,人工智能|半导体概念|国产芯片|第三代半导体
646,002902.SZ,铭普光磁,通信设备,AI+SEMI,-0.0931,41.4,56.5,-183.5,,CPO概念|光通信模块|半导体概念|国产芯片|第三代半导体|算力概念
647,003002.SZ,壶化股份,化学制品,SEMI,-0.0869,41.6,32.9,51.47,-17.7,国产芯片
648,003018.SZ,金富科技,包装印刷,AI,-0.0859,41.6,131.2,159.23,-69.4,液冷服务器
649,300726.SZ,宏达电子,军工电子Ⅱ,AI+SEMI,-0.0846,41.7,215.4,57.32,6.9,光通信模块|半导体概念
650,300177.SZ,中海达,军工电子Ⅱ,SEMI,-0.0811,41.8,45.6,-53.11,,国产芯片
651,002456.SZ,欧菲光,光学光电子,AI+SEMI,-0.0757,42.0,242.6,-24.51,,CPO概念|半导体概念
652,603528.SH,多伦科技,软件开发,AI+SEMI,-0.0756,42.0,43.5,-53.89,,人工智能|国产芯片
653,002081.SZ,金 螳 螂,装修装饰Ⅱ,SEMI,-0.0721,42.2,132.8,18.84,-84.7,半导体概念
654,300349.SZ,金卡智能,通用设备,AI+SEMI,-0.0715,42.2,41.5,25.33,-49.1,AI应用|国产芯片
655,002392.SZ,北京利尔,装修建材,AI,-0.0706,42.2,91.3,17.5,-66.0,AI智能体|AI芯片|算力概念
656,300826.SZ,测绘股份,工程咨询服务Ⅱ,AI,-0.0701,42.2,34.0,121.64,-93.7,算力概念
657,300632.SZ,光莆股份,光学光电子,AI+SEMI,-0.0695,42.3,55.3,1638.85,,CPO概念|第三代半导体
658,301488.SZ,豪恩汽电,汽车零部件,AI,-0.0689,42.3,98.2,157.03,-28.8,英伟达概念
659,688303.SH,大全能源,光伏设备,SEMI,-0.0649,42.5,375.9,-11.78,,半导体概念
660,300184.SZ,力源信息,其他电子Ⅱ,AI+SEMI,-0.0627,42.6,136.0,22.86,-67.5,AI芯片|半导体概念|国产芯片|存储芯片|液冷服务器
661,688127.SH,蓝特光学,光学光电子,SEMI,-0.0623,42.6,251.0,46.12,37.4,半导体概念
662,600022.SH,山东钢铁,普钢,AI,-0.0606,42.6,141.2,-238.59,-99.0,人工智能
663,002771.SZ,真视通,IT服务Ⅱ,AI,-0.0605,42.7,25.5,-48.16,,人工智能|液冷服务器|算力概念
664,002376.SZ,新北洋,计算机设备,AI,-0.0568,42.9,54.7,51.45,-88.7,人工智能
665,002889.SZ,东方嘉盛,物流,AI,-0.0562,42.9,47.4,30.64,-74.1,人工智能
666,300450.SZ,先导智能,电池,AI,-0.0541,43.0,566.6,34.94,-4.2,人工智能
667,300811.SZ,铂科新材,金属新材料,AI,-0.0496,43.2,302.9,85.56,6.1,AI芯片|英伟达概念
668,688582.SH,芯动联科,半导体,SEMI,-0.0491,43.2,167.0,228.86,-53.8,半导体概念
669,301302.SZ,华如科技,军工电子Ⅱ,AI,-0.0491,43.2,32.2,-25.63,,AI应用|人工智能
670,301366.SZ,一博科技,元件,AI,-0.0490,43.2,115.0,90.06,-57.4,人工智能
671,688605.SH,先锋精科,半导体,SEMI,-0.0468,43.3,144.7,146.03,-15.2,半导体概念
672,300721.SZ,怡达股份,化学制品,SEMI,-0.0461,43.3,37.5,60.87,,国产芯片
673,688389.SH,普门科技,医疗器械,AI,-0.0454,43.4,46.3,29.19,-66.9,AI智能体
674,603324.SH,盛剑科技,环保设备Ⅱ,SEMI,-0.0454,43.4,41.0,-39.27,,半导体概念
675,300267.SZ,尔康制药,化学制药,AI,-0.0427,43.4,65.4,124.7,,人工智能
676,605358.SH,立昂微,半导体,AI+SEMI,-0.0417,43.5,343.4,204.47,-91.1,CPO概念|人工智能|半导体概念|国产芯片|存储芯片|汽车芯片|第三代半导体
677,002405.SZ,四维图新,软件开发,AI+SEMI,-0.0385,43.6,148.8,-25.76,-95.3,人工智能|国产芯片|汽车芯片
678,603011.SH,合锻智能,专用设备,AI+SEMI,-0.0346,43.7,112.2,-97.77,,光通信模块|半导体概念|算力概念
679,601609.SH,金田股份,工业金属,AI,-0.0327,43.9,231.3,26.15,-52.5,人工智能|液冷服务器|算力概念
680,688031.SH,星环科技-U,软件开发,AI,-0.0309,43.9,123.8,-55.26,,人工智能
681,003005.SZ,竞业达,IT服务Ⅱ,AI,-0.0295,44.0,30.8,-20.0,,AI应用|人工智能|多模态AI
682,300840.SZ,酷特智能,服装家纺,AI,-0.0294,44.0,43.5,87.68,-85.8,AI应用|AI智能体
683,688110.SH,东芯股份,半导体,SEMI,-0.0282,44.1,513.6,38.95,30.1,半导体概念|国产芯片|存储芯片|汽车芯片
684,600268.SH,国电南自,电网设备,AI,-0.0281,44.1,106.5,27.48,-49.3,人工智能
685,000719.SZ,中原传媒,出版,AI,-0.0265,44.2,119.7,11.84,31.9,AI语料
686,300698.SZ,万马科技,通信设备,AI,-0.0244,44.3,33.5,95.5,-64.1,液冷服务器|算力概念|英伟达概念
687,688001.SH,华兴源创,通用设备,SEMI,-0.0235,44.3,241.8,2070.58,-76.0,国产芯片
688,688646.SH,逸飞激光,自动化设备,SEMI,-0.0231,44.4,66.1,-209.57,,半导体概念
689,300554.SZ,三超新材,通用设备,SEMI,-0.0225,44.4,23.2,-151.94,,半导体概念|第三代半导体
690,688233.SH,神工股份,半导体,SEMI,-0.0215,44.5,188.8,185.92,-41.9,半导体概念|国产芯片
691,000801.SZ,四川九洲,黑色家电,AI,-0.0203,44.6,112.9,190.48,-83.1,人工智能
692,300353.SZ,东土科技,通信设备,AI+SEMI,-0.0140,44.8,114.7,-72.47,-84.9,人工智能|半导体概念|国产芯片
693,688320.SH,禾川科技,自动化设备,SEMI,-0.0134,44.8,50.5,-224.32,,国产芯片
694,300568.SZ,星源材质,电池,SEMI,-0.0116,44.9,210.5,179.79,-98.7,半导体概念
695,002213.SZ,大为股份,半导体,SEMI,-0.0102,44.9,75.8,159.78,-91.8,半导体概念|国产芯片|存储芯片
696,688787.SH,海天瑞声,IT服务Ⅱ,AI,-0.0097,45.0,61.1,181.72,-63.3,AIGC概念|AI语料|人工智能|算力概念
697,301360.SZ,荣旗科技,通用设备,AI,-0.0097,45.0,38.5,-1744.65,-29.3,AI应用|人工智能
698,301322.SZ,绿通科技,摩托车及其他,SEMI,-0.0094,45.0,57.3,-510.02,-90.9,半导体概念
699,688609.SH,九联科技,黑色家电,AI,-0.0084,45.0,45.6,64.96,,CPO概念|人工智能|光通信模块
700,002429.SZ,兆驰股份,黑色家电,AI+SEMI,-0.0078,45.1,359.9,46.0,-77.2,AI应用|CPO概念|光通信模块|汽车芯片
701,002444.SZ,巨星科技,通用设备,AI,-0.0078,45.1,341.5,16.57,114.6,人工智能
702,600531.SH,豫光金铅,工业金属,SEMI,-0.0058,45.1,168.0,15.28,-25.1,半导体概念
703,300977.SZ,深圳瑞捷,工程咨询服务Ⅱ,AI+SEMI,0.0025,45.5,24.5,-176.98,-85.5,AI应用|人工智能|半导体概念
704,603180.SH,金牌家居,家居用品,AI,0.0047,45.6,23.5,-41.5,,AI智能体
705,688106.SH,金宏气体,电子化学品Ⅱ,SEMI,0.0074,45.6,144.9,743.78,-82.7,半导体概念|第三代半导体
706,300011.SZ,鼎汉技术,轨交设备Ⅱ,AI,0.0075,45.7,36.0,-122.41,,人工智能
707,688009.SH,中国通号,轨交设备Ⅱ,SEMI,0.0077,45.7,526.3,25.23,-65.6,国产芯片
708,688498.SH,源杰科技,半导体,AI+SEMI,0.0123,45.8,1918.6,267.29,186.0,光通信模块|半导体概念|国产芯片
709,601179.SH,中国西电,电网设备,SEMI,0.0129,45.9,652.5,47.42,-73.5,半导体概念
710,300650.SZ,太龙股份,其他电子Ⅱ,SEMI,0.0155,46.0,28.1,115.52,-86.0,半导体概念|存储芯片
711,002787.SZ,华源控股,包装印刷,SEMI,0.0161,46.1,69.3,46.17,-57.9,半导体概念
712,000651.SZ,格力电器,白色家电,AI+SEMI,0.0167,46.1,2321.8,9.54,420.7,国产芯片|液冷服务器
713,300792.SZ,壹网壹创,互联网电商,AI,0.0206,46.3,53.9,42.95,-52.5,AI应用
714,603613.SH,国联股份,互联网电商,AI,0.0214,46.3,129.0,11.77,84.1,AI智能体|人工智能|算力概念
715,600633.SH,浙数文化,游戏Ⅱ,AI,0.0232,46.4,126.3,20.95,-60.8,AI应用|人工智能
716,301273.SZ,瑞晨环保,通用设备,AI,0.0260,46.6,40.2,-55.03,,AI芯片
717,000333.SZ,美的集团,白色家电,AI+SEMI,0.0270,46.7,6560.0,12.94,479.4,国产芯片|液冷服务器
718,000725.SZ,京东方Ａ,光学光电子,AI+SEMI,0.0272,46.7,2130.0,31.19,-83.9,人工智能|先进封装|国产芯片
719,301050.SZ,雷电微力,军工电子Ⅱ,SEMI,0.0285,46.7,69.1,-37.76,,国产芯片
720,002432.SZ,九安医疗,医疗器械,AI,0.0358,47.0,313.5,5.11,847.5,多模态AI
721,300183.SZ,东软载波,通信设备,SEMI,0.0387,47.2,47.5,-52.58,,半导体概念|国产芯片
722,002915.SZ,中欣氟材,化学制品,SEMI,0.0398,47.2,55.7,628.86,-94.7,国产芯片|第三代半导体
723,002253.SZ,川大智胜,软件开发,AI,0.0399,47.2,21.2,-29.53,,人工智能
724,301381.SZ,赛维时代,互联网电商,AI,0.0408,47.3,95.7,56.22,-31.5,人工智能
725,003017.SZ,大洋生物,化学原料,SEMI,0.0418,47.4,22.7,19.71,6.0,半导体概念
726,002151.SZ,北斗星通,军工电子Ⅱ,SEMI,0.0420,47.4,150.5,277.55,,汽车芯片
727,300925.SZ,法本信息,软件开发,AI,0.0427,47.4,61.2,68.05,-76.8,AI应用|人工智能
728,002870.SZ,香山股份,汽车零部件,AI,0.0442,47.5,72.1,-172.13,-59.5,人工智能
729,601908.SH,京运通,电力,SEMI,0.0447,47.5,71.2,-11.89,,半导体概念|第三代半导体
730,601636.SH,旗滨集团,玻璃玻纤,SEMI,0.0450,47.5,169.5,323.18,-94.5,国产芯片
731,603421.SH,鼎信通讯,通信设备,SEMI,0.0458,47.6,38.0,-10.13,,国产芯片
732,601607.SH,上海医药,医药商业,AI,0.0465,47.6,600.4,10.59,56.7,人工智能
733,301305.SZ,朗坤科技,环境治理,AI,0.0481,47.7,58.1,15.16,28.2,人工智能
734,000887.SZ,中鼎股份,汽车零部件,AI,0.0513,47.8,277.4,21.54,14.6,液冷服务器|算力概念
735,300188.SZ,国投智能,软件开发,AI,0.0516,47.8,89.4,-17.54,,AI应用|AI智能体|人工智能|算力概念
736,002077.SZ,大港股份,半导体,SEMI,0.0552,47.9,70.1,45.64,-86.9,半导体概念|国产芯片|存储芯片|汽车芯片
737,603315.SH,福鞍股份,环境治理,AI,0.0564,48.0,36.7,45.72,-87.1,算力概念
738,688726.SH,拉普拉斯,光伏设备,SEMI,0.0567,48.0,190.6,39.57,21.2,半导体概念
739,301348.SZ,蓝箭电子,半导体,SEMI,0.0568,48.0,49.3,-153.45,,先进封装|半导体概念|国产芯片|存储芯片|第三代半导体
740,688777.SH,中控技术,自动化设备,AI,0.0578,48.0,698.7,233.89,-49.9,AI应用|AI智能体
741,605136.SH,丽人丽妆,互联网电商,AI,0.0581,48.1,31.7,70.32,,AI应用
742,300490.SZ,华自科技,电网设备,AI,0.0618,48.2,46.0,13.87,,人工智能|算力概念
743,688557.SH,兰剑智能,通用设备,AI,0.0618,48.2,30.4,34.65,-24.5,人工智能
744,300822.SZ,贝仕达克,消费电子,AI,0.0677,48.5,33.3,109.53,-96.7,AIGC概念|人工智能
745,300578.SZ,会畅科技,通信服务,AI,0.0677,48.5,30.0,-49.23,,AIGC概念|人工智能
746,300217.SZ,东方电热,家电零部件Ⅱ,AI,0.0700,48.6,62.5,54.69,-90.6,光通信模块
747,002413.SZ,雷科防务,军工电子Ⅱ,AI+SEMI,0.0704,48.7,99.5,-274.49,,人工智能|国产芯片|存储芯片|算力概念
748,688100.SH,威胜信息,通信设备,SEMI,0.0704,48.7,124.0,30.64,14.6,国产芯片
749,600170.SH,上海建工,房屋建设Ⅱ,AI,0.0711,48.7,199.9,5030.92,-84.0,人工智能
750,600160.SH,巨化股份,化学制品,AI+SEMI,0.0732,48.8,1021.0,21.76,53.8,半导体概念|国产芯片|液冷服务器
751,301099.SZ,雅创电子,其他电子Ⅱ,AI+SEMI,0.0734,48.8,90.8,33.19,-1.9,人工智能|半导体概念|国产芯片|存储芯片|汽车芯片
752,002979.SZ,雷赛智能,自动化设备,AI,0.0737,48.8,171.1,59.32,-23.5,人工智能
753,600666.SH,奥瑞德,IT服务Ⅱ,AI,0.0777,49.1,93.0,-583.45,-97.4,AI智能体|人工智能|算力概念
754,300788.SZ,中信出版,出版,AI,0.0785,49.1,44.3,28.74,-54.8,AI语料
755,300292.SZ,吴通控股,通信服务,AI,0.0795,49.2,55.4,33.53,-90.8,人工智能
756,300210.SZ,森远股份,环保设备Ⅱ,AI,0.0799,49.2,39.5,-84.33,,算力概念
757,603516.SH,淳中科技,计算机设备,SEMI,0.0800,49.3,194.9,2849.59,45.5,国产芯片
758,301012.SZ,扬电科技,电网设备,AI,0.0807,49.4,48.8,78.77,-75.3,算力概念
759,300825.SZ,阿尔特,汽车服务,AI+SEMI,0.0847,49.5,50.5,84.33,,人工智能|多模态AI|汽车芯片|算力概念|英伟达概念
760,688362.SH,甬矽电子,半导体,SEMI,0.0853,49.6,286.6,269.3,-81.5,先进封装|半导体概念|国产芯片
761,300037.SZ,新宙邦,电池,AI+SEMI,0.0854,49.6,467.4,23.76,111.9,半导体概念|液冷服务器
762,688085.SH,三友医疗,医疗器械,AI,0.0858,49.6,47.9,169.6,-84.4,人工智能
763,002028.SZ,思源电气,电网设备,SEMI,0.0866,49.7,1371.1,46.84,324.4,半导体概念
764,300031.SZ,宝通科技,游戏Ⅱ,AI,0.0928,49.9,90.0,20.34,-37.2,人工智能
765,603906.SH,龙蟠科技,电池,AI,0.0941,49.9,156.5,18.26,-91.4,液冷服务器
766,301042.SZ,安联锐视,计算机设备,AI,0.0956,50.0,31.2,69.45,-67.7,AI应用|算力概念
767,688202.SH,美迪西,医疗服务,AI,0.0964,50.0,127.2,123.28,,AI应用
768,002583.SZ,海能达,通信设备,AI+SEMI,0.0968,50.1,149.5,-120.28,,人工智能|国产芯片
769,600446.SH,金证股份,IT服务Ⅱ,AI,0.0994,50.3,100.0,396.77,,人工智能
770,603025.SH,大豪科技,自动化设备,AI,0.1020,50.4,150.7,14.16,-24.5,人工智能
771,300802.SZ,矩子科技,自动化设备,AI+SEMI,0.1025,50.4,66.9,51.4,-68.2,人工智能|半导体概念
772,688561.SH,奇安信-U,软件开发,AI,0.1054,50.6,168.0,-10.82,,AI应用|人工智能
773,301128.SZ,强瑞技术,专用设备,AI+SEMI,0.1097,50.7,153.7,89.22,19.4,半导体概念|液冷服务器|英伟达概念
774,300722.SZ,新余国科,航天装备Ⅱ,AI,0.1109,50.8,57.5,406.16,-70.4,人工智能
775,300732.SZ,设研院,工程咨询服务Ⅱ,AI,0.1118,50.9,22.0,-25.16,,人工智能
776,300872.SZ,天阳科技,IT服务Ⅱ,AI,0.1149,51.0,73.2,61.0,,AI智能体|人工智能|多模态AI|算力概念
777,300824.SZ,北鼎股份,小家电,SEMI,0.1162,51.0,24.5,25.76,-67.7,国产芯片
778,300283.SZ,温州宏丰,电网设备,SEMI,0.1166,51.0,64.5,34.93,-75.6,半导体概念|第三代半导体
779,688456.SH,有研粉材,金属新材料,SEMI,0.1191,51.1,83.7,69.11,-13.3,半导体概念
780,000547.SZ,航天发展,军工电子Ⅱ,SEMI,0.1219,51.2,215.2,-48.12,,国产芯片
781,002892.SZ,科力尔,电机Ⅱ,AI,0.1228,51.3,66.2,-142.17,-97.4,人工智能
782,688288.SH,鸿泉技术,计算机设备,AI,0.1255,51.5,18.2,-59.18,-97.6,人工智能
783,300793.SZ,佳禾智能,消费电子,AI,0.1266,51.5,41.1,-118.65,,人工智能
784,301225.SZ,恒勃股份,汽车零部件,SEMI,0.1314,51.8,81.1,84.78,-18.3,汽车芯片
785,601208.SH,东材科技,塑料,SEMI,0.1315,51.8,441.7,70.84,-59.7,半导体概念
786,601900.SH,南方传媒,出版,AI,0.1357,52.0,103.8,10.94,21.0,AI应用|人工智能
787,300276.SZ,三丰智能,自动化设备,AI,0.1361,52.1,85.6,-173.8,,人工智能
788,002418.SZ,康盛股份,家电零部件Ⅱ,AI,0.1368,52.1,41.8,216.31,-98.5,液冷服务器|算力概念
789,600186.SH,莲花控股,调味发酵品Ⅱ,AI+SEMI,0.1390,52.1,203.1,35.39,-80.4,AI智能体|半导体概念|算力概念
790,300302.SZ,同有科技,计算机设备,SEMI,0.1396,52.2,137.5,39.42,-87.3,国产芯片|存储芯片
791,002123.SZ,梦网科技,通信服务,AI,0.1418,52.3,62.0,-31.83,,人工智能
792,600103.SH,青山纸业,造纸,AI,0.1427,52.3,64.1,79.65,-98.3,光通信模块
793,002148.SZ,北纬科技,通信服务,SEMI,0.1444,52.4,34.0,355.18,-99.6,国产芯片
794,002410.SZ,广联达,软件开发,AI,0.1453,52.4,147.0,36.69,-77.7,AI应用|AI智能体|人工智能
795,300475.SZ,香农芯创,其他电子Ⅱ,SEMI,0.1487,52.5,718.4,13.53,295.1,半导体概念|存储芯片
796,301202.SZ,朗威股份,通信设备,AI,0.1506,52.6,50.9,71.5,-57.0,液冷服务器|算力概念
797,688158.SH,优刻得-W,IT服务Ⅱ,AI,0.1510,52.6,138.2,855.56,,人工智能|液冷服务器|算力概念
798,002065.SZ,东华软件,IT服务Ⅱ,AI,0.1530,52.7,218.0,48.95,-85.8,AI智能体|人工智能|算力概念
799,600645.SH,中源协和,生物制品,AI,0.1531,52.7,90.0,92.79,-76.5,人工智能
800,000158.SZ,常山北明,IT服务Ⅱ,AI,0.1548,52.8,198.1,-48.75,-98.0,AI应用|人工智能
801,002990.SZ,盛视科技,计算机设备,AI,0.1593,52.9,124.9,58.55,-35.9,AIGC概念|人工智能|多模态AI
802,300079.SZ,数码视讯,IT服务Ⅱ,AI+SEMI,0.1596,53.0,62.9,138.58,-97.3,AIGC概念|AI智能体|人工智能|国产芯片
803,301078.SZ,孩子王,专业连锁Ⅱ,AI,0.1617,53.1,87.5,45.0,-75.1,AI智能体|人工智能
804,603212.SH,赛伍技术,光伏设备,SEMI,0.1618,53.2,50.7,-109.82,,国产芯片
805,002409.SZ,雅克科技,半导体,SEMI,0.1630,53.2,669.1,62.72,111.5,半导体概念|国产芯片|存储芯片
806,300346.SZ,南大光电,电子化学品Ⅱ,SEMI,0.1644,53.2,387.2,77.93,-49.6,半导体概念|第四代半导体
807,002230.SZ,科大讯飞,软件开发,AI,0.1752,53.7,935.1,-229.38,-63.6,AIGC概念|AI应用|人工智能|多模态AI
808,688400.SH,凌云光,专用设备,AI,0.1809,54.0,218.4,27.33,-27.2,AIGC概念|人工智能|光通信模块
809,600258.SH,首旅酒店,酒店餐饮,AI,0.1835,54.1,135.9,20.09,-25.0,人工智能
810,301503.SZ,智迪科技,计算机设备,AI+SEMI,0.1850,54.2,22.5,123.28,-19.8,人工智能|国产芯片
811,601728.SH,中国电信,通信服务,AI,0.1852,54.2,5920.5,15.11,-67.5,人工智能|算力概念
812,301172.SZ,君逸数码,IT服务Ⅱ,AI,0.1865,54.3,37.3,115.85,-87.3,AI应用|人工智能|多模态AI|算力概念
813,603629.SH,利通电子,消费电子,AI+SEMI,0.1870,54.4,446.6,41.16,45.7,人工智能|国产芯片|算力概念|英伟达概念
814,688332.SH,中科蓝讯,半导体,SEMI,0.1870,54.4,158.6,16.53,888.4,半导体概念|国产芯片
815,300384.SZ,三联虹普,专业工程,AI,0.1875,54.5,38.8,21.38,-40.8,AI应用|AI智能体
816,600733.SH,北汽蓝谷,乘用车,SEMI,0.1876,54.5,315.8,-9.07,,汽车芯片
817,600060.SH,海信视像,黑色家电,AI+SEMI,0.1914,54.6,330.2,13.98,90.9,AI智能体|人工智能|国产芯片|多模态AI
818,300458.SZ,全志科技,半导体,AI+SEMI,0.1916,54.7,303.1,37.32,-62.4,人工智能|半导体概念|国产芯片|汽车芯片|算力概念
819,688768.SH,容知日新,通用设备,AI,0.1923,54.7,35.5,-38.83,-22.9,人工智能|多模态AI
820,600556.SH,天下秀,广告营销,AI,0.1924,54.7,81.0,628.03,-98.9,AIGC概念|AI应用|AI智能体|人工智能
821,688123.SH,聚辰股份,半导体,AI+SEMI,0.1924,54.8,210.4,20.03,330.3,光通信模块|半导体概念|国产芯片|存储芯片|汽车芯片
822,300770.SZ,新媒股份,电视广播Ⅱ,AI,0.1927,54.8,75.8,13.24,182.1,人工智能
823,000049.SZ,德赛电池,电池,SEMI,0.1950,54.8,90.2,21.96,4.0,先进封装
824,002352.SZ,顺丰控股,物流,AI,0.1951,54.9,1734.4,17.17,116.7,人工智能
825,300143.SZ,盈康生命,医疗服务,AI,0.1965,55.0,72.1,53.49,-92.4,AI智能体|多模态AI
826,002575.SZ,群兴玩具,综合Ⅱ,AI,0.2009,55.1,30.0,-30.83,,算力概念
827,000886.SZ,海南高速,铁路公路,AI,0.2036,55.2,45.0,-47.88,-85.4,算力概念
828,300787.SZ,海能实业,消费电子,SEMI,0.2061,55.3,31.1,-80.17,-79.1,第三代半导体
829,300065.SZ,海兰信,航海装备Ⅱ,AI,0.2074,55.4,106.3,518.43,-97.7,人工智能|液冷服务器|算力概念
830,300248.SZ,新开普,计算机设备,AI,0.2081,55.4,40.2,-34.23,-89.4,AI应用|AI智能体
831,601595.SH,上海电影,影视院线,AI,0.2099,55.5,70.6,135.69,-86.5,AI语料
832,300400.SZ,劲拓股份,自动化设备,AI+SEMI,0.2114,55.5,68.1,66.46,-65.1,人工智能|先进封装|半导体概念
833,301167.SZ,建研设计,工程咨询服务Ⅱ,AI,0.2129,55.6,16.0,38.62,-81.0,人工智能
834,002261.SZ,拓维信息,软件开发,AI,0.2131,55.6,316.0,228.25,-95.7,人工智能|液冷服务器
835,002860.SZ,星帅尔,家电零部件Ⅱ,AI,0.2133,55.6,55.1,27.5,-49.4,光通信模块
836,601615.SH,明阳智能,风电设备,SEMI,0.2136,55.7,239.7,243.04,-83.1,国产芯片
837,603381.SH,永臻股份,光伏设备,AI,0.2153,55.8,36.7,37.61,,液冷服务器
838,002677.SZ,浙江美大,厨卫电器,AI,0.2161,55.8,43.2,370.78,-99.0,人工智能
839,300514.SZ,友讯达,电网设备,SEMI,0.2161,55.8,19.8,-60.48,,国产芯片
840,002839.SZ,张家港行,银行Ⅱ,AI,0.2177,55.9,107.6,4.66,-18.5,人工智能
841,688047.SH,龙芯中科,半导体,AI+SEMI,0.2181,55.9,411.9,-90.36,,半导体概念|国产芯片|算力概念
842,600526.SH,菲达环保,环保设备Ⅱ,AI,0.2189,56.0,41.9,14.35,-64.2,人工智能
843,300448.SZ,浩云科技,IT服务Ⅱ,AI+SEMI,0.2202,56.0,37.1,-221.12,,AI应用|AI智能体|人工智能|国产芯片
844,002929.SZ,润建股份,通信服务,AI,0.2210,56.1,150.3,298.15,,人工智能|多模态AI|算力概念
845,688039.SH,当虹科技,IT服务Ⅱ,AI,0.2253,56.3,36.3,-59.65,,AIGC概念|AI应用|人工智能|多模态AI|英伟达概念
846,300672.SZ,国科微,半导体,AI+SEMI,0.2262,56.3,344.2,156.63,,AI芯片|人工智能|半导体概念|国产芯片|存储芯片|汽车芯片|第三代半导体
847,300327.SZ,中颖电子,半导体,SEMI,0.2262,56.3,75.6,92.24,-80.9,半导体概念|国产芯片|汽车芯片
848,300296.SZ,利亚德,光学光电子,AI+SEMI,0.2264,56.4,136.1,98.44,-92.5,AI应用|人工智能|半导体概念|第三代半导体
849,002073.SZ,软控股份,专用设备,SEMI,0.2277,56.4,61.4,22.56,-61.7,汽车芯片
850,300409.SZ,道氏技术,电池,AI,0.2304,56.5,144.5,24.9,-27.6,AI芯片|人工智能
851,002908.SZ,德生科技,IT服务Ⅱ,AI,0.2335,56.6,29.6,-56.22,,AI应用|AI语料|人工智能
852,300429.SZ,强力新材,电子化学品Ⅱ,SEMI,0.2344,56.7,59.7,-51.8,,半导体概念
853,301066.SZ,万事利,纺织制造,AI,0.2348,56.7,27.8,46.68,-84.3,AIGC概念|AI智能体|人工智能
854,300077.SZ,国民技术,半导体,SEMI,0.2360,56.8,133.7,1514.48,,半导体概念|国产芯片
855,002721.SZ,金一文化,饰品,AI,0.2374,56.8,75.8,56.0,-96.9,AI智能体
856,002373.SZ,千方科技,IT服务Ⅱ,AI,0.2381,56.9,117.1,-280.7,-95.1,AIGC概念|AI智能体|人工智能
857,301376.SZ,致欧科技,家居用品,AI,0.2409,57.1,83.0,27.6,-25.4,AI应用|多模态AI
858,600143.SH,金发科技,塑料,AI,0.2424,57.2,373.5,27.26,-53.3,算力概念
859,600054.SH,黄山旅游,旅游及景区,AI,0.2425,57.2,81.0,31.07,-59.4,人工智能
860,002614.SZ,奥佳华,其他家电Ⅱ,AI,0.2469,57.4,33.7,-12.76,,人工智能
861,300616.SZ,尚品宅配,家居用品,AI,0.2530,57.6,23.3,-6.02,,AIGC概念|AI智能体
862,600552.SH,凯盛科技,光学光电子,SEMI,0.2541,57.7,165.2,147.94,-85.9,半导体概念
863,300099.SZ,尤洛卡,专用设备,AI,0.2552,57.8,43.5,76.77,-75.0,多模态AI
864,000959.SZ,首钢股份,普钢,AI,0.2560,57.9,273.8,39.32,-89.2,AI智能体
865,000090.SZ,天健集团,房地产开发,AI,0.2568,57.9,63.9,-9.6,,人工智能
866,300545.SZ,联得装备,光学光电子,SEMI,0.2581,58.0,63.4,58.34,-48.5,半导体概念|国产芯片
867,688279.SH,峰岹科技,半导体,SEMI,0.2582,58.0,206.2,58.4,123.1,半导体概念|国产芯片|汽车芯片
868,301132.SZ,满坤科技,元件,AI,0.2591,58.1,52.4,72.33,-26.1,光通信模块
869,688213.SH,思特威-W,半导体,AI+SEMI,0.2614,58.2,389.4,36.84,181.6,AI芯片|人工智能|半导体概念|国产芯片|汽车芯片
870,300657.SZ,弘信电子,元件,AI,0.2623,58.2,161.1,64.99,-54.9,液冷服务器|算力概念|英伟达概念
871,603726.SH,朗迪集团,家电零部件Ⅱ,SEMI,0.2640,58.3,43.0,12.31,22.5,半导体概念
872,301418.SZ,协昌科技,自动化设备,SEMI,0.2645,58.3,27.2,314.79,-97.0,国产芯片
873,603322.SH,超讯科技,通信服务,AI+SEMI,0.2651,58.4,39.4,38.1,,AIGC概念|AI应用|人工智能|国产芯片|多模态AI|算力概念
874,688691.SH,灿芯股份,半导体,SEMI,0.2655,58.4,75.6,-66.27,,半导体概念|国产芯片
875,002655.SZ,共达电声,消费电子,SEMI,0.2657,58.4,129.0,468.32,-87.7,半导体概念|国产芯片
876,688328.SH,深科达,专用设备,SEMI,0.2669,58.5,84.2,68.48,-30.9,半导体概念|存储芯片
877,600006.SH,东风股份,商用车,AI+SEMI,0.2703,58.7,106.0,12.89,,人工智能|汽车芯片
878,300179.SZ,四方达,通用设备,SEMI,0.2717,58.7,168.4,98.04,-79.0,半导体概念
879,301161.SZ,唯万密封,工程机械,SEMI,0.2740,58.8,33.0,24.03,-10.3,半导体概念
880,002036.SZ,联创电子,光学光电子,AI+SEMI,0.2776,58.9,69.0,-9.63,,国产芯片|英伟达概念
881,301301.SZ,川宁生物,化学制药,AI,0.2777,58.9,192.4,34.67,-73.5,人工智能
882,301136.SZ,招标股份,工程咨询服务Ⅱ,AI,0.2790,59.0,30.7,142.61,-99.5,人工智能
883,300810.SZ,中科海讯,航海装备Ⅱ,AI+SEMI,0.2795,59.0,27.9,-49.82,,人工智能|国产芯片
884,688521.SH,芯原股份,半导体,AI+SEMI,0.2803,59.0,887.0,-72.45,,人工智能|先进封装|半导体概念|国产芯片
885,300482.SZ,万孚生物,医疗器械,AI,0.2805,59.1,74.9,30.56,,人工智能
886,603990.SH,麦迪科技,软件开发,AI,0.2816,59.1,69.4,451.36,-93.6,AI智能体|人工智能
887,002137.SZ,实益达,光学光电子,SEMI,0.2816,59.1,43.0,67.16,-89.7,先进封装|半导体概念
888,688286.SH,敏芯股份,半导体,AI+SEMI,0.2898,59.4,36.9,-89.54,,人工智能|半导体概念|国产芯片
889,300687.SZ,赛意信息,IT服务Ⅱ,AI,0.2899,59.5,106.6,84.42,,AI应用|人工智能|多模态AI|算力概念
890,603936.SH,博敏电子,元件,AI+SEMI,0.2903,59.5,111.1,-108.27,,CPO概念|光通信模块|第三代半导体
891,300857.SZ,协创数据,消费电子,AI+SEMI,0.2909,59.6,1178.4,31.63,430.3,AIGC概念|AI应用|AI智能体|CPO概念|人工智能|光通信模块|半导体概念|国产芯片|存储芯片|算力概念|英伟达概念
892,300709.SZ,精研科技,消费电子,AI,0.2913,59.6,75.0,-37.69,-89.8,液冷服务器
893,002649.SZ,博彦科技,IT服务Ⅱ,AI,0.2914,59.6,55.7,119.82,-92.5,AIGC概念|AI应用|人工智能
894,300654.SZ,世纪天鸿,出版,AI,0.2919,59.7,35.8,163.91,-93.1,AIGC概念|AI应用|AI智能体|AI语料|人工智能
895,300503.SZ,昊志机电,通用设备,SEMI,0.2932,59.7,206.6,44.46,-6.5,半导体概念
896,688981.SH,中芯国际,半导体,SEMI,0.2952,59.8,10322.9,189.59,-41.1,半导体概念|国产芯片|存储芯片
897,688385.SH,复旦微电,半导体,AI+SEMI,0.2985,59.9,432.7,25.48,7.8,AI芯片|半导体概念|国产芯片|存储芯片
898,001230.SZ,劲旅环境,环境治理,AI,0.2995,60.0,44.0,25.95,-7.9,人工智能
899,300307.SZ,慈星股份,专用设备,AI,0.2997,60.0,59.2,16.32,-86.0,人工智能
900,600936.SH,北投科技,IT服务Ⅱ,AI,0.3005,60.0,77.4,73.89,,AI智能体
901,300576.SZ,容大感光,电子化学品Ⅱ,SEMI,0.3008,60.0,120.7,112.35,-72.7,半导体概念
902,300024.SZ,机器人,自动化设备,AI+SEMI,0.3017,60.1,223.3,-59.03,,人工智能|半导体概念
903,688222.SH,成都先导,医疗服务,AI,0.3032,60.1,139.0,83.71,-69.4,人工智能
904,603777.SH,来伊份,休闲食品,AI,0.3036,60.2,44.2,-78.73,,人工智能
905,002766.SZ,索菱股份,汽车零部件,AI,0.3056,60.3,35.0,-42.57,,人工智能
906,001278.SZ,一彬科技,汽车零部件,SEMI,0.3063,60.3,19.6,-11.51,,半导体概念
907,000628.SZ,高新发展,房屋建设Ⅱ,SEMI,0.3083,60.5,168.2,173.32,-74.2,国产芯片
908,301458.SZ,钧崴电子,元件,AI,0.3092,60.6,97.2,66.15,-48.8,英伟达概念
909,300747.SZ,锐科激光,自动化设备,SEMI,0.3099,60.6,198.9,62.79,-56.0,国产芯片
910,603887.SH,城地香江,IT服务Ⅱ,AI,0.3123,60.7,55.6,-103.57,,液冷服务器|算力概念
911,002115.SZ,三维通信,通信服务,AI,0.3167,60.9,87.1,86.42,-95.7,人工智能
912,002831.SZ,裕同科技,包装印刷,AI,0.3185,61.0,325.3,33.09,24.0,液冷服务器
913,002362.SZ,汉王科技,软件开发,AI+SEMI,0.3186,61.0,38.3,-22.64,,AI应用|人工智能|国产芯片
914,300662.SZ,科锐国际,专业服务,AI,0.3260,61.2,38.3,10.42,76.7,人工智能
915,300613.SZ,富瀚微,半导体,AI+SEMI,0.3263,61.2,159.3,46.81,-7.5,人工智能|半导体概念|国产芯片
916,002042.SZ,华孚时尚,纺织制造,AI,0.3297,61.4,63.6,62.79,-95.7,AIGC概念|算力概念
917,688630.SH,芯碁微装,专用设备,SEMI,0.3297,61.4,624.3,144.0,136.5,先进封装|半导体概念
918,603015.SH,弘讯科技,自动化设备,AI+SEMI,0.3297,61.4,42.6,84.81,-90.1,人工智能|国产芯片
919,605090.SH,九丰能源,燃气Ⅱ,SEMI,0.3301,61.4,244.6,12.87,122.1,半导体概念
920,301071.SZ,力量钻石,非金属材料Ⅱ,SEMI,0.3303,61.4,144.1,79.97,-31.8,半导体概念
921,000581.SZ,威孚高科,汽车零部件,SEMI,0.3308,61.5,167.3,11.17,12.6,国产芯片|汽车芯片
922,600797.SH,浙大网新,IT服务Ⅱ,AI,0.3312,61.5,68.4,-57.53,,AI应用|AI智能体|人工智能|算力概念
923,300146.SZ,汤臣倍健,食品加工,AI,0.3328,61.6,162.2,13.45,-61.7,AI应用|AI智能体
924,603636.SH,南威软件,IT服务Ⅱ,AI,0.3333,61.7,39.3,-19.75,,AI应用|人工智能|算力概念
925,603920.SH,世运电路,元件,AI,0.3354,61.7,267.7,159.19,-46.7,英伟达概念
926,002326.SZ,永太科技,化学制品,AI,0.3380,61.9,183.6,43.86,-94.8,液冷服务器
927,600208.SH,衢州发展,房地产开发,SEMI,0.3399,62.0,245.1,19.48,-98.2,第四代半导体
928,688695.SH,中创股份,软件开发,AI,0.3420,62.2,16.2,-39.19,,AI智能体
929,688403.SH,汇成股份,半导体,SEMI,0.3420,62.2,231.4,2308.26,-93.6,半导体概念|国产芯片|存储芯片
930,603656.SH,泰禾智能,专用设备,AI,0.3440,62.3,31.4,103.25,-81.6,人工智能
931,002249.SZ,大洋电机,电机Ⅱ,AI,0.3448,62.3,171.2,20.47,-63.6,AIGC概念|液冷服务器
932,301221.SZ,光庭信息,汽车零部件,AI,0.3505,62.6,35.8,-60.77,-98.1,AI应用|人工智能
933,301103.SZ,何氏眼科,医疗服务,AI,0.3545,62.8,25.9,19.81,-82.6,AI应用|人工智能
934,002236.SZ,大华股份,计算机设备,AI,0.3590,63.0,526.4,11.04,15.2,AI应用|AI智能体|人工智能|多模态AI|算力概念
935,002725.SZ,跃岭股份,汽车零部件,AI+SEMI,0.3592,63.0,28.3,-130.55,-99.1,光通信模块|半导体概念|国产芯片
936,301399.SZ,英特科技,通用设备,AI,0.3624,63.1,31.6,-369.04,-93.7,液冷服务器
937,300803.SZ,指南针,软件开发,AI,0.3626,63.1,489.4,110.02,-67.1,人工智能
938,002862.SZ,实丰文化,文娱用品,AI,0.3636,63.1,22.5,84.23,,AIGC概念|AI智能体|人工智能
939,002265.SZ,建设工业,汽车零部件,AI,0.3654,63.2,186.6,135.25,-77.5,人工智能
940,300007.SZ,汉威科技,通用设备,SEMI,0.3659,63.3,100.4,101.48,-49.1,国产芯片
941,300493.SZ,润欣科技,其他电子Ⅱ,AI+SEMI,0.3668,63.3,60.6,89.88,-88.4,AI智能体|先进封装|半导体概念|国产芯片|汽车芯片
942,301313.SZ,凡拓数创,数字媒体,AI,0.3699,63.5,33.5,-33.34,,AIGC概念|人工智能
943,002841.SZ,视源股份,消费电子,AI,0.3786,63.9,340.7,34.5,57.1,AI应用|人工智能
944,300168.SZ,万达信息,IT服务Ⅱ,AI,0.3794,64.0,70.9,-44.68,,AI应用|人工智能
945,301602.SZ,超研股份,医疗器械,AI,0.3810,64.1,68.9,188.91,-72.3,人工智能
946,300155.SZ,安居宝,计算机设备,AI,0.3819,64.1,24.2,-70.98,,人工智能
947,300801.SZ,泰和科技,化学制品,SEMI,0.3831,64.1,49.1,17.53,-27.5,半导体概念
948,000963.SZ,华东医药,化学制药,AI,0.3853,64.3,476.1,11.88,99.6,人工智能
949,300964.SZ,本川智能,元件,AI,0.3865,64.4,59.2,124.04,-68.8,CPO概念
950,600288.SH,大恒科技,软件开发,AI,0.3866,64.4,48.4,23.63,-62.6,人工智能
951,000035.SZ,中国天楹,环境治理,AI,0.3870,64.4,110.3,24.91,-87.9,人工智能
952,688365.SH,光云科技,IT服务Ⅱ,AI,0.3871,64.5,59.5,255.62,,AI应用|人工智能
953,301230.SZ,泓博医药,医疗服务,AI,0.3874,64.5,61.2,64.37,-74.5,AI应用|多模态AI
954,002879.SZ,长缆科技,电网设备,AI,0.3880,64.5,30.5,87.41,-37.4,液冷服务器
955,300560.SZ,中富通,通信服务,AI,0.3970,64.8,40.5,125.41,,算力概念|英伟达概念
956,002478.SZ,常宝股份,特钢Ⅱ,SEMI,0.3973,64.9,56.7,21.09,-59.8,半导体概念
957,002912.SZ,中新赛克,计算机设备,AI,0.3985,64.9,32.0,-9.75,-84.2,AI应用|人工智能|算力概念
958,300236.SZ,上海新阳,电子化学品Ⅱ,SEMI,0.3993,64.9,278.6,65.33,21.4,半导体概念|国产芯片|存储芯片
959,301152.SZ,天力锂能,电池,AI,0.4009,65.1,27.7,81.9,,人工智能
960,300131.SZ,英唐智控,其他电子Ⅱ,AI+SEMI,0.4009,65.1,191.8,1177.08,-98.8,CPO概念|半导体概念|国产芯片|存储芯片|汽车芯片|第三代半导体
961,002278.SZ,神开股份,专用设备,AI,0.4027,65.1,31.3,111.44,-91.1,人工智能
962,300319.SZ,麦捷科技,元件,AI+SEMI,0.4030,65.2,156.7,51.92,-64.2,光通信模块|存储芯片|算力概念|英伟达概念
963,688651.SH,盛邦安全,软件开发,SEMI,0.4032,65.2,22.9,-36.33,,国产芯片
964,300130.SZ,新国都,计算机设备,AI,0.4035,65.2,104.2,19.23,-18.2,AIGC概念|AI应用|AI智能体|人工智能
965,600126.SH,杭钢股份,普钢,AI,0.4066,65.3,232.0,603.72,-98.0,算力概念
966,300213.SZ,佳讯飞鸿,通信设备,AI,0.4070,65.3,36.7,375.2,,AI应用|人工智能
967,688017.SH,绿的谐波,自动化设备,SEMI,0.4095,65.4,541.1,414.52,-25.4,半导体概念
968,603066.SH,音飞储存,物流,AI,0.4135,65.5,26.3,5.28,-57.4,人工智能
969,688793.SH,倍轻松,小家电,AI,0.4141,65.6,17.1,-36.8,,AI应用|人工智能
970,002692.SZ,远程股份,电网设备,SEMI,0.4144,65.6,30.0,-21.77,,半导体概念
971,688469.SH,芯联集成-U,半导体,SEMI,0.4152,65.7,727.6,130.71,,半导体概念|汽车芯片
972,300559.SZ,佳发教育,软件开发,AI,0.4159,65.7,40.8,89.19,-96.6,AI应用|人工智能
973,002607.SZ,中公教育,教育,AI,0.4163,65.7,123.3,65.16,-99.1,AIGC概念|AI应用|人工智能
974,603283.SH,赛腾股份,自动化设备,SEMI,0.4176,65.8,167.8,46.34,54.2,半导体概念|存储芯片|第三代半导体
975,002712.SZ,思美传媒,广告营销,AI,0.4199,65.9,25.5,195.55,,AI应用|人工智能
976,300725.SZ,药石科技,医疗服务,AI,0.4204,65.9,113.0,56.79,-9.9,人工智能
977,300579.SZ,数字认证,软件开发,SEMI,0.4229,66.0,58.0,-137.96,,国产芯片
978,000981.SZ,山子高科,汽车零部件,SEMI,0.4231,66.0,263.9,26.29,-88.0,半导体概念
979,002747.SZ,埃斯顿,自动化设备,AI,0.4236,66.0,298.3,92.45,-79.4,人工智能
980,603379.SH,三美股份,化学制品,SEMI,0.4258,66.2,365.7,17.08,250.1,半导体概念
981,301287.SZ,康力源,文娱用品,AI,0.4264,66.2,27.4,118.72,-22.4,AI智能体|人工智能
982,300101.SZ,振芯科技,军工电子Ⅱ,AI+SEMI,0.4327,66.5,78.8,-482.81,-97.2,人工智能|国产芯片
983,002861.SZ,瀛通通讯,消费电子,AI,0.4362,66.7,28.7,-26.52,,人工智能
984,301428.SZ,世纪恒通,通信服务,AI,0.4389,66.8,27.2,41.24,,AI智能体|人工智能
985,688652.SH,京仪装备,半导体,SEMI,0.4393,66.8,249.6,134.36,-5.7,半导体概念|国产芯片|存储芯片
986,688352.SH,颀中科技,半导体,SEMI,0.4396,66.9,214.6,-35.36,,先进封装|半导体概念|国产芯片
987,002859.SZ,洁美科技,其他电子Ⅱ,SEMI,0.4415,67.0,293.0,106.34,-42.9,国产芯片
988,688416.SH,恒烁股份,半导体,AI+SEMI,0.4419,67.0,78.6,40.41,,AI芯片|人工智能|半导体概念|国产芯片|存储芯片
989,301183.SZ,东田微,光学光电子,AI,0.4432,67.0,188.3,108.29,70.9,光通信模块
990,300365.SZ,恒华科技,软件开发,AI,0.4448,67.1,27.8,-44.7,,人工智能
991,000560.SZ,我爱我家,房地产服务,AI,0.4476,67.2,51.1,234.43,,AIGC概念|人工智能
992,688798.SH,艾为电子,半导体,SEMI,0.4489,67.3,122.6,64.6,9.5,半导体概念|国产芯片
993,603220.SH,中贝通信,通信服务,AI,0.4494,67.4,97.2,-853959.56,-88.3,CPO概念|算力概念
994,603602.SH,纵横通信,广告营销,AI,0.4510,67.4,26.4,88.56,,AIGC概念|算力概念
995,300500.SZ,启迪设计,工程咨询服务Ⅱ,AI,0.4517,67.5,16.4,20.6,,人工智能|算力概念
996,300708.SZ,聚灿光电,光学光电子,SEMI,0.4535,67.5,72.1,46.77,-82.5,半导体概念|国产芯片|第三代半导体
997,301025.SZ,读客文化,出版,AI,0.4544,67.5,36.2,165.46,-96.6,AI语料
998,300311.SZ,任子行,软件开发,AI,0.4561,67.6,35.0,-34.47,-94.8,AI应用|人工智能
999,002398.SZ,垒知集团,水泥,AI,0.4563,67.6,28.2,24.41,-93.3,AIGC概念|人工智能
1000,002328.SZ,新朋股份,汽车零部件,AI+SEMI,0.4567,67.6,55.3,13.16,-73.4,国产芯片|液冷服务器
1001,300226.SZ,上海钢联,软件开发,AI,0.4570,67.7,61.5,24.65,-42.8,AI应用|AI语料
1002,301259.SZ,艾布鲁,环境治理,AI,0.4578,67.7,50.5,130.92,-86.2,AI芯片|人工智能|算力概念
1003,300078.SZ,思创智联,IT服务Ⅱ,SEMI,0.4591,67.8,34.3,-74.32,,国产芯片
1004,002835.SZ,同为股份,计算机设备,AI,0.4602,67.8,27.1,24.44,-47.6,人工智能
1005,002268.SZ,电科网安,计算机设备,AI+SEMI,0.4611,67.9,114.9,-18.44,-95.7,人工智能|国产芯片|汽车芯片
1006,301092.SZ,争光股份,塑料,SEMI,0.4618,67.9,60.1,85.03,-30.3,半导体概念
1007,300538.SZ,同益股份,塑料,SEMI,0.4618,67.9,27.4,82.66,,国产芯片
1008,002281.SZ,光迅科技,通信设备,AI+SEMI,0.4625,68.0,1377.5,118.3,39.7,CPO概念|光通信模块|国产芯片|液冷服务器
1009,688570.SH,天玛智控,自动化设备,AI,0.4644,68.0,65.8,133.54,-87.0,人工智能
1010,000524.SZ,岭南控股,旅游及景区,AI,0.4664,68.2,66.3,50.42,-88.6,AI智能体
1011,002648.SZ,卫星化学,化学原料,AI,0.4666,68.2,895.0,7.19,161.0,液冷服务器
1012,002191.SZ,劲嘉股份,包装印刷,SEMI,0.4684,68.3,51.3,53.17,,国产芯片
1013,002579.SZ,中京电子,元件,AI+SEMI,0.4692,68.4,85.0,-47.28,,CPO概念|人工智能|先进封装|光通信模块|半导体概念|存储芯片
1014,002346.SZ,柘中股份,电网设备,SEMI,0.4706,68.4,94.1,14.69,35.7,半导体概念
1015,301319.SZ,唯特偶,电子化学品Ⅱ,AI,0.4709,68.4,187.0,179.55,-51.4,CPO概念
1016,300603.SZ,立昂技术,通信服务,AI,0.4715,68.5,34.9,-28.37,,人工智能|算力概念
1017,603005.SH,晶方科技,半导体,SEMI,0.4716,68.5,206.4,78.86,-43.3,先进封装|半导体概念|国产芯片|汽车芯片|第三代半导体
1018,000021.SZ,深科技,消费电子,SEMI,0.4738,68.7,579.2,59.79,-23.8,先进封装|半导体概念|国产芯片|存储芯片|第三代半导体
1019,300387.SZ,富邦科技,农化制品,AI,0.4775,68.8,20.9,18.95,-81.6,人工智能
1020,002987.SZ,京北方,软件开发,AI,0.4778,68.8,116.8,116.1,-70.6,AI应用|AI智能体|人工智能
1021,688131.SH,皓元医药,医疗服务,AI,0.4779,68.8,195.5,72.03,15.0,人工智能
1022,002245.SZ,蔚蓝锂芯,电池,SEMI,0.4780,68.9,307.0,30.04,-48.0,国产芯片
1023,003001.SZ,中岩大地,专业工程,AI,0.4784,68.9,26.6,100.48,-94.2,人工智能
1024,600539.SH,狮头股份,互联网电商,AI+SEMI,0.4842,69.1,34.2,1623.6,,人工智能|先进封装
1025,301566.SZ,达利凯普,元件,SEMI,0.4855,69.1,98.3,45.57,-59.6,半导体概念
1026,603120.SH,肯特催化,化学制品,SEMI,0.4921,69.4,42.7,51.85,-6.8,半导体概念
1027,301392.SZ,汇成真空,专用设备,SEMI,0.4926,69.4,174.2,158.41,-58.6,半导体概念|国产芯片
1028,300351.SZ,永贵电器,轨交设备Ⅱ,AI,0.4956,69.6,52.9,-60.82,-95.5,液冷服务器
1029,002219.SZ,新里程,医疗服务,AI,0.4968,69.6,73.5,400.46,-99.1,AI应用|人工智能
1030,002786.SZ,银宝山新,专用设备,SEMI,0.4974,69.7,39.3,68.29,,半导体概念
1031,002777.SZ,久远银海,IT服务Ⅱ,AI,0.4990,69.7,50.8,94.66,-81.9,AI应用|人工智能
1032,300929.SZ,华骐环保,环境治理,AI,0.4993,69.7,21.5,-177.93,,人工智能
1033,300567.SZ,精测电子,通用设备,SEMI,0.4994,69.8,597.8,349.91,-68.9,半导体概念|国产芯片|存储芯片
1034,688048.SH,长光华芯,半导体,AI+SEMI,0.5001,69.8,518.3,2892.33,-80.9,光通信模块|半导体概念|国产芯片
1035,301083.SZ,百胜智能,专用设备,AI,0.5020,69.8,24.3,224.4,-89.6,人工智能
1036,002439.SZ,启明星辰,软件开发,AI,0.5030,69.9,160.0,259.9,,人工智能
1037,301390.SZ,经纬股份,工程咨询服务Ⅱ,AI,0.5033,69.9,18.6,-107.8,,人工智能
1038,300059.SZ,东方财富,证券Ⅱ,AI,0.5038,69.9,2993.6,18.56,-7.8,AIGC概念|AI应用|人工智能
1039,300112.SZ,万讯自控,通用设备,AI,0.5039,70.0,27.0,-923.31,,人工智能
1040,301558.SZ,三态股份,互联网电商,AI,0.5041,70.0,51.2,89.85,-93.8,AIGC概念|多模态AI
1041,002181.SZ,粤 传 媒,出版,AI,0.5113,70.4,93.8,133.93,-93.7,AIGC概念|AI应用
1042,300480.SZ,光力科技,专用设备,AI+SEMI,0.5132,70.5,121.0,81.59,-75.9,CPO概念|先进封装|半导体概念
1043,002255.SZ,海陆重工,其他电源设备Ⅱ,SEMI,0.5133,70.5,63.3,19.66,-53.5,第三代半导体
1044,300661.SZ,圣邦股份,半导体,AI+SEMI,0.5142,70.5,761.9,153.98,-10.9,人工智能|半导体概念|国产芯片|存储芯片
1045,300413.SZ,芒果超媒,数字媒体,AI,0.5163,70.6,261.5,64.83,-64.4,AIGC概念|AI应用|AI语料|人工智能|多模态AI
1046,300054.SZ,鼎龙股份,电子化学品Ⅱ,SEMI,0.5196,70.7,702.7,70.0,-13.0,半导体概念|国产芯片|存储芯片
1047,300390.SZ,天华新能,电池,SEMI,0.5201,70.8,558.5,12.18,235.3,半导体概念
1048,300947.SZ,德必集团,一般零售,AI,0.5240,70.9,21.1,288.25,,人工智能
1049,301568.SZ,思泰克,自动化设备,AI+SEMI,0.5245,70.9,72.2,68.32,16.1,人工智能|半导体概念
1050,301592.SZ,六九一二,军工电子Ⅱ,SEMI,0.5246,70.9,71.9,-133.29,-18.6,存储芯片
1051,688720.SH,艾森股份,半导体,SEMI,0.5283,71.1,80.1,212.61,-56.7,先进封装|半导体概念|国产芯片
1052,688111.SH,金山办公,软件开发,AI,0.5287,71.1,1082.5,21.5,677.4,AI应用|人工智能
1053,688018.SH,乐鑫科技,半导体,AI+SEMI,0.5306,71.2,253.9,37.98,143.6,人工智能|半导体概念|国产芯片
1054,603042.SH,华脉科技,通信设备,AI,0.5315,71.2,28.6,77.12,,人工智能
1055,603300.SH,海南华铁,多元金融,AI,0.5316,71.3,94.2,19.8,-78.8,算力概念
1056,002090.SZ,金智科技,电网设备,AI,0.5339,71.4,38.1,43.51,-81.9,人工智能
1057,603232.SH,格尔软件,软件开发,AI+SEMI,0.5382,71.6,34.0,-29.77,,AI应用|人工智能|汽车芯片
1058,600570.SH,恒生电子,软件开发,AI,0.5394,71.7,400.3,72.12,-29.3,人工智能|多模态AI
1059,002264.SZ,新 华 都,广告营销,AI,0.5406,71.7,46.4,13.86,-77.8,AI应用|人工智能
1060,300902.SZ,国安达,专用设备,AI,0.5408,71.7,27.3,-100.16,,AI应用
1061,300474.SZ,景嘉微,军工电子Ⅱ,AI+SEMI,0.5427,71.8,260.7,-120.75,,AI芯片|人工智能|半导体概念|国产芯片|算力概念
1062,300459.SZ,汤姆猫,游戏Ⅱ,AI,0.5452,71.9,120.9,98.34,,AI应用|人工智能|多模态AI
1063,300098.SZ,高新兴,通信设备,AI,0.5465,71.9,76.1,82.17,,AI应用|人工智能
1064,301001.SZ,凯淳股份,互联网电商,AI,0.5482,72.0,18.8,1062.94,,AI应用|人工智能
1065,002139.SZ,拓邦股份,消费电子,AI+SEMI,0.5487,72.0,117.1,56.41,-82.4,人工智能|半导体概念
1066,300464.SZ,星徽股份,互联网电商,SEMI,0.5497,72.1,33.0,256.11,-97.7,第三代半导体
1067,300466.SZ,赛摩智能,通用设备,AI,0.5499,72.1,38.5,184.84,,人工智能
1068,002339.SZ,积成电子,电网设备,AI,0.5513,72.3,35.7,-12.16,-98.4,人工智能
1069,301307.SZ,美利信,通信设备,SEMI,0.5522,72.3,111.2,-33.6,,半导体概念
1070,600094.SH,大名城,房地产开发,AI,0.5529,72.4,88.6,474.0,-93.8,算力概念
1071,688023.SH,安恒信息,软件开发,AI,0.5550,72.4,38.2,-8.36,,人工智能
1072,000409.SZ,云鼎科技,IT服务Ⅱ,AI,0.5553,72.4,57.8,73.14,-89.6,人工智能|多模态AI
1073,300688.SZ,创业黑马,教育,AI,0.5557,72.5,47.6,-266.07,,人工智能|算力概念
1074,600571.SH,信雅达,IT服务Ⅱ,AI,0.5570,72.5,48.3,-14.83,-92.5,AI智能体|人工智能
1075,300380.SZ,安硕信息,软件开发,AI,0.5573,72.5,38.7,108.36,-73.2,人工智能
1076,300479.SZ,神思电子,计算机设备,AI,0.5576,72.5,28.8,-46.29,-77.4,AI应用|AI智能体|人工智能
1077,002162.SZ,悦心健康,家居用品,AI,0.5614,72.8,36.1,338.14,-98.9,人工智能
1078,002635.SZ,安洁科技,消费电子,AI,0.5615,72.8,101.6,72.79,-82.6,光通信模块
1079,300170.SZ,汉得信息,IT服务Ⅱ,AI,0.5622,72.8,156.3,100.1,-77.9,AIGC概念|AI应用|AI智能体|人工智能
1080,300398.SZ,飞凯材料,电子化学品Ⅱ,AI+SEMI,0.5626,72.9,200.4,38.19,-29.5,先进封装|光通信模块|半导体概念|国产芯片|存储芯片|第三代半导体
1081,688115.SH,思林杰,通用设备,SEMI,0.5668,73.0,61.3,290.99,-91.6,国产芯片
1082,688225.SH,亚信安全,软件开发,AI,0.5688,73.1,47.1,-9.22,,人工智能|算力概念|英伟达概念
1083,300674.SZ,宇信科技,IT服务Ⅱ,AI,0.5703,73.1,106.7,58.51,-40.5,AI应用|AI智能体|人工智能
1084,000157.SZ,中联重科,工程机械,AI,0.5764,73.3,611.5,17.29,-49.9,人工智能|算力概念
1085,301185.SZ,鸥玛软件,IT服务Ⅱ,AI,0.5768,73.3,25.0,163.27,-65.9,AI应用|人工智能
1086,003043.SZ,华亚智能,半导体,SEMI,0.5814,73.5,104.6,335.31,-47.8,半导体概念
1087,688662.SH,富信科技,其他电子Ⅱ,AI+SEMI,0.5822,73.5,102.6,232.34,-64.1,光通信模块|半导体概念
1088,688071.SH,华依科技,专用设备,AI,0.5842,73.6,27.3,504.49,,人工智能
1089,301027.SZ,华蓝集团,工程咨询服务Ⅱ,AI,0.5864,73.7,29.8,-90.97,,AIGC概念|人工智能
1090,002316.SZ,亚联发展,综合Ⅱ,AI,0.5868,73.7,17.4,304.81,-98.9,人工智能
1091,002594.SZ,比亚迪,乘用车,SEMI,0.5870,73.7,8265.7,50.59,202.2,半导体概念|国产芯片
1092,688685.SH,迈信林,航空装备Ⅱ,AI,0.5877,73.8,59.4,276.07,,光通信模块|算力概念
1093,600986.SH,浙文互联,广告营销,AI,0.5885,73.8,102.5,-112.83,,AIGC概念|AI应用|AI智能体|多模态AI|算力概念
1094,300975.SZ,商络电子,元件,AI+SEMI,0.5890,73.9,169.5,16.51,-23.9,光通信模块|半导体概念|国产芯片|存储芯片|汽车芯片|液冷服务器
1095,688316.SH,青云科技-U,IT服务Ⅱ,AI,0.5898,73.9,22.1,-40.28,,算力概念|英伟达概念
1096,301235.SZ,华康洁净,医疗器械,AI,0.5937,74.0,59.1,-84.58,-7.1,人工智能
1097,600736.SH,苏州高新,房地产开发,AI+SEMI,0.5946,74.1,76.4,8.88,-81.2,人工智能|国产芯片
1098,688475.SH,萤石网络,计算机设备,AI,0.5949,74.1,229.0,27.95,-14.4,AI应用|AI智能体
1099,688122.SH,西部超导,航空装备Ⅱ,SEMI,0.5953,74.2,311.2,177.47,9.8,半导体概念|存储芯片
1100,300075.SZ,数字政通,软件开发,AI,0.6035,74.5,65.8,154.4,,AI智能体|人工智能
1101,000576.SZ,甘化科工,地面兵装Ⅱ,SEMI,0.6035,74.6,31.0,401.18,-83.9,半导体概念|第三代半导体
1102,300003.SZ,乐普医疗,医疗器械,AI,0.6046,74.6,215.9,21.61,-58.2,人工智能
1103,300598.SZ,诚迈科技,软件开发,AI,0.6052,74.7,71.1,-52.1,,英伟达概念
1104,600406.SH,国电南瑞,电网设备,SEMI,0.6062,74.7,1869.0,64.78,3.6,半导体概念|国产芯片
1105,300494.SZ,盛天网络,游戏Ⅱ,AI,0.6078,74.7,39.6,222.3,-99.7,AIGC概念|AI应用|人工智能|多模态AI
1106,601766.SH,中国中车,轨交设备Ⅱ,SEMI,0.6100,74.8,1744.9,10.92,-51.5,半导体概念
1107,300009.SZ,安科生物,生物制品,AI,0.6101,74.8,141.8,21.16,-58.5,人工智能
1108,300645.SZ,正元智慧,计算机设备,AI,0.6102,74.8,18.2,-38.57,-90.7,AI应用|人工智能
1109,002688.SZ,金河生物,动物保健Ⅱ,AI,0.6111,75.0,39.9,16.0,-95.0,人工智能
1110,000555.SZ,神州信息,IT服务Ⅱ,AI,0.6121,75.0,99.5,-26.91,-94.2,AIGC概念|AI应用|AI智能体|人工智能
1111,002654.SZ,万润科技,光学光电子,AI+SEMI,0.6144,75.2,117.8,-548.18,-96.6,人工智能|存储芯片
1112,603330.SH,天洋新材,塑料,AI,0.6157,75.2,47.5,351.98,,CPO概念
1113,001229.SZ,魅视科技,计算机设备,AI,0.6158,75.2,62.4,741.64,-61.9,AI应用|人工智能
1114,002172.SZ,澳洋健康,医疗服务,AI,0.6185,75.3,34.0,70.35,-95.6,人工智能
1115,688347.SH,华虹宏力,半导体,SEMI,0.6188,75.3,3979.9,712.93,-71.6,半导体概念|存储芯片
1116,600506.SH,统一股份,炼化及贸易,AI,0.6224,75.4,38.8,15.37,-86.1,液冷服务器
1117,300895.SZ,铜牛信息,IT服务Ⅱ,AI,0.6258,75.6,75.5,-102.67,,算力概念
1118,603337.SH,杰克科技,专用设备,AI,0.6280,75.6,175.9,17.88,82.7,人工智能
1119,300377.SZ,赢时胜,软件开发,AI,0.6284,75.6,104.5,-66.69,,AI应用|人工智能
1120,002707.SZ,众信旅游,旅游及景区,AI,0.6299,75.7,51.9,131.11,,AI应用
1121,300720.SZ,海川智能,通用设备,SEMI,0.6320,75.7,143.3,506.12,-88.2,半导体概念|国产芯片
1122,601678.SH,滨化股份,化学原料,SEMI,0.6346,75.8,152.5,26.03,-88.6,半导体概念
1123,301165.SZ,锐捷网络,通信设备,AI,0.6348,75.8,1290.7,92.96,-15.7,AIGC概念|AI智能体|CPO概念|液冷服务器|算力概念
1124,300420.SZ,五洋自控,通用设备,AI,0.6363,75.9,86.9,-1330.93,-98.1,液冷服务器
1125,002383.SZ,合众思壮,军工电子Ⅱ,SEMI,0.6385,76.0,49.9,2947.47,,国产芯片
1126,002296.SZ,辉煌科技,通信设备,AI,0.6392,76.0,34.1,14.44,-56.2,人工智能
1127,600967.SH,内蒙一机,地面兵装Ⅱ,AI,0.6399,76.1,185.5,33.53,-83.1,人工智能
1128,688610.SH,埃科光电,通用设备,SEMI,0.6405,76.1,114.9,83.08,42.8,半导体概念
1129,000063.SZ,中兴通讯,通信设备,AI+SEMI,0.6408,76.1,1584.8,28.78,-30.7,人工智能|国产芯片|液冷服务器|算力概念
1130,000818.SZ,航锦科技,化学原料,AI+SEMI,0.6443,76.2,77.2,77.43,,人工智能|光通信模块|半导体概念|国产芯片|存储芯片|算力概念|英伟达概念
1131,300496.SZ,中科创达,IT服务Ⅱ,AI,0.6461,76.2,257.1,62.77,-0.4,AI应用|AI智能体|人工智能|多模态AI|英伟达概念
1132,300378.SZ,鼎捷数智,软件开发,AI+SEMI,0.6473,76.3,82.1,-255.33,-39.7,AIGC概念|AI应用|AI智能体|人工智能|半导体概念|多模态AI
1133,600654.SH,中安科,软件开发,AI,0.6510,76.4,81.7,71.96,-97.4,人工智能
1134,003007.SZ,直真科技,软件开发,AI,0.6513,76.4,47.0,-92.08,-70.5,人工智能|算力概念
1135,000670.SZ,盈方微,其他电子Ⅱ,SEMI,0.6517,76.5,61.8,-188.46,,半导体概念|国产芯片|存储芯片
1136,688008.SH,澜起科技,半导体,AI+SEMI,0.6548,76.6,2341.4,69.08,109.6,AI芯片|人工智能|半导体概念|国产芯片|存储芯片|算力概念
1137,603738.SH,泰晶科技,元件,AI,0.6591,76.8,138.6,150.41,-82.7,CPO概念|光通信模块
1138,603123.SH,翠微股份,多元金融,AI+SEMI,0.6597,76.8,79.3,-65.28,,AI应用|AI智能体|人工智能|国产芯片|多模态AI
1139,300033.SZ,同花顺,软件开发,AI,0.6607,76.9,1631.1,85.64,385.7,AIGC概念|AI应用|人工智能
1140,002355.SZ,兴民智通,汽车零部件,AI,0.6607,76.9,31.4,-7.33,,人工智能|算力概念
1141,600410.SH,华胜天成,IT服务Ⅱ,AI+SEMI,0.6608,76.9,142.3,-38.55,,AI应用|人工智能|国产芯片|算力概念
1142,300678.SZ,中科信息,IT服务Ⅱ,AI,0.6615,77.0,63.3,341.12,-94.7,人工智能
1143,002044.SZ,美年健康,医疗服务,AI,0.6615,77.0,180.4,-17.69,-92.2,AIGC概念|AI智能体|人工智能
1144,300030.SZ,阳普医疗,医疗器械,AI,0.6628,77.0,20.8,33.81,-90.3,人工智能
1145,600855.SH,航天长峰,军工电子Ⅱ,AI,0.6672,77.2,55.2,-37.06,,人工智能
1146,000823.SZ,超声电子,元件,AI,0.6699,77.3,87.2,38.4,-62.8,光通信模块
1147,002609.SZ,捷顺科技,IT服务Ⅱ,AI,0.6706,77.3,48.6,56.79,-89.9,AI应用|人工智能
1148,600641.SH,先导基电,半导体,SEMI,0.6746,77.5,304.6,72.48,-95.5,半导体概念|国产芯片|存储芯片
1149,300635.SZ,中达安,工程咨询服务Ⅱ,AI,0.6764,77.5,17.1,286.85,,AI智能体|人工智能|算力概念
1150,601929.SH,吉视传媒,电视广播Ⅱ,AI+SEMI,0.6794,77.6,78.9,-17.89,,人工智能|国产芯片
1151,300513.SZ,恒实科技,通信服务,SEMI,0.6823,77.7,22.8,-21.53,,国产芯片
1152,688268.SH,华特气体,电子化学品Ⅱ,SEMI,0.6825,77.7,182.3,134.51,-2.2,半导体概念|第三代半导体
1153,300113.SZ,顺网科技,游戏Ⅱ,AI,0.6855,77.8,108.8,34.37,-38.5,AI应用|AI智能体|人工智能|多模态AI|算力概念|英伟达概念
1154,301336.SZ,趣睡科技,家居用品,AI,0.6859,77.9,21.2,65.58,-44.1,人工智能
1155,605289.SH,罗曼股份,专业工程,AI,0.6863,77.9,163.0,87.57,-43.3,算力概念
1156,300528.SZ,幸福蓝海,影视院线,AI,0.6866,78.0,47.0,-51.42,,AIGC概念
1157,603928.SH,兴业股份,塑料,SEMI,0.6875,78.0,42.5,33.36,-64.7,半导体概念
1158,603533.SH,掌阅科技,数字媒体,AI,0.6888,78.1,88.8,-65.81,,AI应用|AI语料|人工智能
1159,002526.SZ,山东矿机,专用设备,AI,0.6889,78.1,46.9,373.2,-98.3,人工智能
1160,002903.SZ,宇环数控,通用设备,SEMI,0.6895,78.2,50.9,-147.09,,半导体概念
1161,002916.SZ,深南电路,元件,SEMI,0.6899,78.2,2340.7,68.83,433.6,国产芯片|存储芯片
1162,002348.SZ,高乐股份,文娱用品,AI,0.6906,78.2,109.8,-189.14,,人工智能|算力概念
1163,300335.SZ,迪森股份,电力,AI,0.6915,78.2,25.2,39.18,-91.4,人工智能
1164,688141.SH,杰华特,半导体,AI+SEMI,0.6918,78.3,518.2,-46.9,,人工智能|半导体概念|汽车芯片
1165,600156.SH,华升股份,纺织制造,AI,0.6943,78.3,31.8,-137.15,,液冷服务器|算力概念
1166,688508.SH,芯朋微,半导体,AI+SEMI,0.6961,78.4,107.9,34.25,91.4,人工智能|半导体概念|国产芯片|汽车芯片
1167,002400.SZ,省广集团,广告营销,AI,0.6982,78.4,110.5,180.5,-95.4,AIGC概念|AI应用
1168,002184.SZ,海得控制,自动化设备,AI,0.6991,78.4,34.3,88.85,,人工智能
1169,301060.SZ,兰卫医学,医疗服务,AI,0.6999,78.5,45.8,35.99,-90.4,人工智能
1170,002138.SZ,顺络电子,元件,AI,0.7019,78.5,384.3,42.98,21.8,光通信模块
1171,301312.SZ,智立方,自动化设备,AI+SEMI,0.7030,78.6,119.3,207.04,-61.5,CPO概念|半导体概念|国产芯片
1172,002421.SZ,达实智能,IT服务Ⅱ,AI,0.7040,78.7,63.8,-175.37,,AI应用|AI智能体|人工智能
1173,301396.SZ,宏景科技,IT服务Ⅱ,AI,0.7043,78.7,371.5,306.96,-83.7,AI智能体|人工智能|算力概念
1174,688590.SH,新致软件,软件开发,AI,0.7044,78.7,38.5,554.39,,AI应用|人工智能
1175,688530.SH,欧莱新材,半导体,SEMI,0.7054,78.7,100.7,61.88,-98.8,半导体概念
1176,300333.SZ,兆日科技,计算机设备,AI+SEMI,0.7087,78.9,35.9,-201.76,,国产芯片|算力概念
1177,300520.SZ,科大国创,软件开发,AI,0.7133,79.0,68.2,-31.68,,AIGC概念|AI应用|AI智能体|人工智能
1178,300042.SZ,朗科科技,计算机设备,AI+SEMI,0.7133,79.0,78.0,41.02,-30.1,国产芯片|存储芯片|算力概念
1179,301205.SZ,联特科技,通信设备,AI,0.7141,79.0,395.4,3245.68,-32.8,CPO概念|光通信模块
1180,300021.SZ,大禹节水,农业综合Ⅱ,AI,0.7141,79.1,39.4,100.65,-95.1,人工智能
1181,002279.SZ,久其软件,软件开发,AI,0.7156,79.1,53.4,-15.57,-91.3,AIGC概念|AI应用|AI智能体|人工智能
1182,600611.SH,大众交通,铁路公路,AI,0.7165,79.1,107.8,-16.21,,算力概念
1183,688549.SH,中巨芯-U,电子化学品Ⅱ,SEMI,0.7168,79.2,372.7,1325.67,,半导体概念
1184,300043.SZ,星辉娱乐,游戏Ⅱ,AI,0.7185,79.3,54.0,26.04,-67.8,AI应用
1185,002248.SZ,华东数控,通用设备,SEMI,0.7198,79.3,29.5,114.75,-89.3,国产芯片
1186,300987.SZ,川网传媒,数字媒体,AI,0.7206,79.4,22.7,261.36,-88.4,AIGC概念|人工智能
1187,300548.SZ,长芯博创,通信设备,AI+SEMI,0.7217,79.4,586.5,91.23,65.5,CPO概念|光通信模块|国产芯片
1188,300270.SZ,中威电子,计算机设备,AI,0.7247,79.5,34.6,188.33,,人工智能|多模态AI
1189,603030.SH,全筑股份,装修装饰Ⅱ,AI,0.7300,79.6,26.7,297.38,,人工智能|算力概念
1190,603106.SH,恒银科技,计算机设备,AI,0.7322,79.7,39.7,348.86,-94.5,AI应用|人工智能
1191,002984.SZ,森麒麟,汽车零部件,AI,0.7325,79.7,146.2,17.4,-15.8,人工智能
1192,688721.SH,龙图光罩,半导体,SEMI,0.7366,79.8,56.1,137.19,-63.3,半导体概念
1193,300195.SZ,长荣股份,专用设备,AI,0.7377,79.9,23.3,-17.55,,人工智能
1194,600312.SH,平高电气,电网设备,AI,0.7380,79.9,273.8,16.76,-6.3,AI智能体|人工智能
1195,688195.SH,腾景科技,光学光电子,AI,0.7393,80.0,308.4,534.16,-60.2,光通信模块
1196,002351.SZ,漫步者,消费电子,AI,0.7419,80.1,88.1,20.87,-50.3,AI应用|AI智能体
1197,600673.SH,东阳光,综合Ⅱ,AI,0.7421,80.1,980.2,125.91,-98.3,液冷服务器|算力概念
1198,300570.SZ,太辰光,通信设备,AI+SEMI,0.7538,80.4,460.8,130.69,32.9,CPO概念|光通信模块|国产芯片|算力概念
1199,002195.SZ,岩山科技,IT服务Ⅱ,AI,0.7540,80.4,349.1,414.25,-98.6,AIGC概念|AI应用|AI智能体|AI芯片|AI语料|人工智能|多模态AI
1200,000681.SZ,视觉中国,数字媒体,AI,0.7554,80.5,115.2,56.95,-80.0,AIGC概念|AI应用|AI智能体|AI语料|人工智能|多模态AI
1201,300639.SZ,凯普生物,医疗器械,AI,0.7560,80.5,38.6,61.73,,AI智能体|人工智能
1202,688626.SH,翔宇医疗,医疗器械,AI+SEMI,0.7562,80.5,66.7,65.86,-49.7,人工智能|国产芯片
1203,300288.SZ,朗玛信息,IT服务Ⅱ,AI,0.7596,80.7,32.8,-196.86,,AI应用|人工智能
1204,002559.SZ,亚威股份,通用设备,SEMI,0.7606,80.7,59.2,65.24,-87.5,半导体概念|国产芯片|存储芯片
1205,002599.SZ,盛通股份,包装印刷,AI,0.7608,80.8,31.1,-99.72,-98.2,AI应用|人工智能
1206,002354.SZ,天娱数科,广告营销,AI+SEMI,0.7614,80.8,115.0,141.19,,AIGC概念|AI应用|AI智能体|AI语料|人工智能|国产芯片|多模态AI
1207,301380.SZ,挖金客,通信服务,AI,0.7634,80.9,29.9,66.03,-63.2,AI应用|人工智能
1208,300873.SZ,海晨股份,物流,AI+SEMI,0.7636,80.9,48.1,977.72,-35.4,AI智能体|半导体概念
1209,002527.SZ,新时达,专用设备,AI,0.7651,80.9,73.1,-243.15,-99.1,液冷服务器
1210,600718.SH,东软集团,IT服务Ⅱ,AI,0.7654,80.9,95.6,-16.2,,AIGC概念|人工智能
1211,301299.SZ,卓创资讯,数字媒体,AI,0.7674,81.0,25.9,35.5,10.4,AI应用
1212,300133.SZ,华策影视,影视院线,AI,0.7711,81.1,128.0,38.37,-87.2,AIGC概念|AI应用|AI智能体|AI语料|算力概念
1213,301086.SZ,鸿富瀚,消费电子,AI,0.7731,81.1,147.1,100.62,20.6,液冷服务器
1214,603296.SH,华勤技术,消费电子,AI,0.7732,81.2,1140.2,26.88,181.9,液冷服务器|算力概念|英伟达概念
1215,002313.SZ,日海智能,通信设备,AI,0.7744,81.2,32.8,113.21,,人工智能|算力概念
1216,002229.SZ,鸿博股份,IT服务Ⅱ,AI,0.7772,81.3,52.9,-51.42,,人工智能|算力概念
1217,600509.SH,天富能源,电力,SEMI,0.7779,81.3,101.7,16.88,-83.4,第三代半导体
1218,002241.SZ,歌尔股份,消费电子,SEMI,0.7784,81.4,834.1,28.45,12.3,国产芯片
1219,002212.SZ,天融信,软件开发,AI,0.7785,81.4,71.2,-17.68,-96.5,AI应用|AI智能体|人工智能|算力概念
1220,300773.SZ,拉卡拉,多元金融,AI,0.7798,81.5,164.7,12.31,48.1,人工智能
1221,600129.SH,太极集团,中药Ⅱ,AI,0.7827,81.6,78.4,29.85,-79.8,AI应用|AI智能体|人工智能
1222,002639.SZ,雪人集团,通用设备,AI,0.7828,81.6,89.2,720.4,-98.0,液冷服务器
1223,300036.SZ,超图软件,软件开发,AI,0.7840,81.6,53.7,-31.97,-90.2,AIGC概念|AI应用|AI智能体|人工智能|英伟达概念
1224,688205.SH,德科立,通信设备,AI,0.7845,81.7,248.4,126.41,-11.0,CPO概念
1225,688147.SH,微导纳米,半导体,SEMI,0.7856,81.8,544.8,648.04,-66.4,先进封装|半导体概念|存储芯片
1226,002829.SZ,星网宇达,航天装备Ⅱ,AI,0.7880,81.9,39.7,17.85,-91.4,人工智能
1227,600977.SH,中国电影,影视院线,AI,0.7891,81.9,222.9,-101.27,-93.7,AIGC概念|AI应用|人工智能
1228,603598.SH,引力传媒,广告营销,AI,0.7892,81.9,44.7,107.61,-92.6,AIGC概念|AI应用
1229,688296.SH,和达科技,软件开发,AI,0.7942,82.2,25.9,-51.07,,AI应用|AI智能体|人工智能
1230,300935.SZ,盈建科,软件开发,AI,0.7965,82.3,23.3,-23.0,,AI应用|人工智能
1231,603496.SH,恒为科技,计算机设备,AI,0.7985,82.3,76.6,329.18,-84.8,算力概念
1232,001308.SZ,康冠科技,光学光电子,AI,0.7987,82.3,124.8,19.82,-38.1,人工智能
1233,002153.SZ,石基信息,软件开发,AI,0.7990,82.4,206.9,218.75,,AI应用
1234,002659.SZ,凯文教育,教育,AI,0.8001,82.4,26.4,3419.03,,AI智能体|人工智能
1235,301315.SZ,威士顿,软件开发,AI,0.8015,82.5,34.6,93.78,-63.2,AI应用|人工智能
1236,002419.SZ,天虹股份,一般零售,AI,0.8020,82.5,52.6,8.88,-93.0,AI应用
1237,002315.SZ,焦点科技,互联网电商,AI,0.8030,82.5,103.7,26.47,18.7,AIGC概念|AI应用|AI智能体|人工智能
1238,300386.SZ,飞天诚信,计算机设备,SEMI,0.8040,82.6,50.0,-41.24,,国产芯片
1239,300866.SZ,安克创新,消费电子,AI+SEMI,0.8056,82.6,678.8,35.98,328.6,人工智能|国产芯片
1240,300451.SZ,创业慧康,软件开发,AI,0.8073,82.6,52.7,-16.57,,AI智能体|人工智能
1241,300795.SZ,米奥会展,专业服务,AI,0.8092,82.7,37.8,-128.05,-64.4,AIGC概念|AI应用|AI智能体|AI语料|人工智能
1242,300706.SZ,阿石创,半导体,SEMI,0.8117,82.8,81.8,116.7,,半导体概念|存储芯片
1243,300166.SZ,东方国信,IT服务Ⅱ,AI,0.8118,82.8,148.6,-137.48,,人工智能|算力概念
1244,300148.SZ,天舟文化,出版,AI,0.8201,83.0,27.9,69.3,-93.7,人工智能
1245,688099.SH,晶晨股份,半导体,AI+SEMI,0.8215,83.1,378.9,31.01,133.2,AI芯片|人工智能|半导体概念|国产芯片
1246,300541.SZ,先进数通,IT服务Ⅱ,AI,0.8217,83.1,41.8,-140.49,-90.2,英伟达概念
1247,002174.SZ,游族网络,游戏Ⅱ,AI,0.8220,83.1,117.3,28.26,,AI应用
1248,688535.SH,华海诚科,半导体,SEMI,0.8245,83.2,142.6,263.57,-78.7,先进封装|半导体概念
1249,002180.SZ,奔图科技,计算机设备,SEMI,0.8251,83.2,238.2,92.25,,半导体概念|国产芯片|汽车芯片
1250,300738.SZ,奥飞数据,通信服务,AI,0.8263,83.2,209.2,53.2,-75.5,算力概念
1251,688049.SH,炬芯科技,半导体,AI+SEMI,0.8304,83.3,67.7,34.76,20.4,AI芯片|人工智能|半导体概念|国产芯片|汽车芯片|算力概念
1252,300182.SZ,捷成股份,影视院线,AI,0.8305,83.4,126.8,39.47,-92.3,AIGC概念|AI应用|AI智能体|AI语料|人工智能|多模态AI
1253,300207.SZ,欣旺达,电池,SEMI,0.8322,83.4,330.7,72.51,-57.5,第三代半导体
1254,300949.SZ,奥雅股份,基础建设,AI,0.8328,83.4,19.4,-168.19,,AIGC概念|AI智能体|人工智能|算力概念
1255,688485.SH,九州一轨,轨交设备Ⅱ,AI+SEMI,0.8338,83.5,122.3,-702.21,,光通信模块|半导体概念
1256,603400.SH,华之杰,通用设备,AI,0.8347,83.5,59.1,66.73,-34.2,液冷服务器
1257,300192.SZ,科德教育,教育,AI+SEMI,0.8362,83.5,80.1,81.8,-76.1,AI应用|AI芯片|人工智能|国产芯片
1258,002467.SZ,二六三,通信服务,AI,0.8388,83.5,61.1,-125.24,,AI智能体|人工智能
1259,600589.SH,大位科技,IT服务Ⅱ,AI,0.8414,83.6,109.9,-78.81,,算力概念
1260,688728.SH,格科微,半导体,SEMI,0.8500,83.8,397.4,7044.93,-96.0,半导体概念|国产芯片
1261,002131.SZ,利欧股份,通用设备,AI+SEMI,0.8551,83.9,298.0,238.27,,AIGC概念|AI应用|AI智能体|AI语料|人工智能|液冷服务器|第三代半导体
1262,300045.SZ,华力创通,军工电子Ⅱ,AI+SEMI,0.8612,83.9,82.2,-171.81,,人工智能|半导体概念|国产芯片
1263,688004.SH,博汇科技,IT服务Ⅱ,AI,0.8617,84.0,17.0,-40.93,,AI应用|人工智能
1264,300315.SZ,掌趣科技,游戏Ⅱ,AI,0.8620,84.0,103.4,142.63,,AIGC概念|英伟达概念
1265,603519.SH,立霸股份,家电零部件Ⅱ,SEMI,0.8655,84.1,44.8,22.7,-32.9,国产芯片|第三代半导体
1266,002516.SZ,旷达科技,汽车零部件,SEMI,0.8668,84.1,76.9,35.16,-86.7,半导体概念|国产芯片
1267,603757.SH,大元泵业,通用设备,AI,0.8724,84.3,118.5,258.44,-37.3,液冷服务器
1268,300047.SZ,天源迪科,软件开发,AI,0.8739,84.3,56.9,86.45,-95.5,AIGC概念|AI应用|AI智能体|人工智能|算力概念
1269,300612.SZ,宣亚国际,广告营销,AI,0.8795,84.5,21.2,-31.71,,AIGC概念|AI应用|AI智能体|人工智能|多模态AI
1270,300666.SZ,江丰电子,半导体,SEMI,0.8805,84.5,691.0,82.36,100.0,半导体概念|国产芯片|存储芯片|第三代半导体
1271,300383.SZ,光环新网,通信服务,AI,0.8814,84.6,217.9,242.45,,算力概念
1272,301318.SZ,维海德,计算机设备,AI,0.8851,84.7,27.6,78.35,-72.6,AI应用|人工智能
1273,002407.SZ,多氟多,化学制品,SEMI,0.8884,84.8,411.5,40.2,-43.4,半导体概念
1274,688692.SH,达梦数据,软件开发,AI,0.8885,84.8,264.6,43.69,403.3,人工智能
1275,000997.SZ,新 大 陆,计算机设备,AI+SEMI,0.8896,84.9,185.6,16.51,-3.2,AI应用|国产芯片
1276,688325.SH,赛微微电,半导体,SEMI,0.8968,85.1,91.7,204.42,7.5,半导体概念|国产芯片
1277,301178.SZ,天亿马,IT服务Ⅱ,AI,0.8979,85.2,32.1,882.77,-91.6,人工智能|算力概念
1278,301275.SZ,汉朔科技,其他电子Ⅱ,AI,0.9019,85.4,179.9,24.89,14.3,AI应用
1279,688025.SH,杰普特,自动化设备,AI+SEMI,0.9056,85.5,389.0,99.57,258.2,CPO概念|国产芯片
1280,002682.SZ,龙洲股份,物流,AI,0.9066,85.5,25.5,-13.83,,人工智能
1281,603185.SH,弘元绿能,光伏设备,SEMI,0.9070,85.5,112.9,-9.71,,第三代半导体
1282,688648.SH,中邮科技,专用设备,AI,0.9089,85.6,42.8,-35.25,355.1,人工智能
1283,001330.SZ,博纳影业,影视院线,AI,0.9107,85.7,64.3,-36.33,,AIGC概念|AI应用
1284,300781.SZ,因赛集团,广告营销,AI,0.9117,85.7,42.7,92.12,,AIGC概念|AI应用|AI智能体|人工智能|多模态AI
1285,002474.SZ,榕基软件,IT服务Ⅱ,AI,0.9125,85.8,37.4,-119.93,,人工智能
1286,300348.SZ,长亮科技,软件开发,AI,0.9136,85.8,77.0,-50.16,,AIGC概念|人工智能
1287,688369.SH,致远互联,软件开发,AI,0.9147,85.9,22.1,-8.5,,AI应用|AI智能体|人工智能
1288,603039.SH,泛微网络,软件开发,AI,0.9168,85.9,128.4,55.95,9.8,AI应用
1289,600880.SH,博瑞传播,教育,AI,0.9170,85.9,41.3,147.85,,AIGC概念|AI应用|AI智能体|人工智能
1290,002960.SZ,青鸟智控,专用设备,SEMI,0.9202,86.1,88.3,31.83,-71.6,国产芯片
1291,688621.SH,阳光诺和,医疗服务,AI,0.9217,86.1,72.8,88.22,74.0,人工智能
1292,603000.SH,人民网,数字媒体,AI,0.9236,86.2,173.9,-130.74,-82.8,AIGC概念|AI应用|AI语料|人工智能|算力概念
1293,688109.SH,品茗科技,软件开发,AI,0.9246,86.3,56.4,1550.56,-78.2,人工智能
1294,300830.SZ,金现代,软件开发,AI,0.9256,86.3,36.0,-114.23,,AI应用|AI智能体|人工智能
1295,002925.SZ,盈趣科技,消费电子,AI,0.9295,86.5,171.1,25.3,0.7,人工智能
1296,603297.SH,永新光学,光学光电子,SEMI,0.9318,86.6,116.2,62.94,90.0,半导体概念
1297,300571.SZ,平治信息,通信服务,AI+SEMI,0.9337,86.6,41.3,211.36,,人工智能|国产芯片|算力概念
1298,603501.SH,豪威集团,半导体,SEMI,0.9385,86.7,1037.6,42.53,157.4,半导体概念|国产芯片|汽车芯片
1299,000710.SZ,贝瑞基因,医疗服务,AI,0.9390,86.7,34.3,-39.01,,AI应用|人工智能
1300,600629.SH,华建集团,工程咨询服务Ⅱ,AI,0.9394,86.7,183.7,1118.75,-98.6,人工智能
1301,300933.SZ,中辰股份,电网设备,AI,0.9400,86.7,36.1,54.63,,算力概念
1302,301213.SZ,观想科技,军工电子Ⅱ,AI,0.9444,86.9,47.6,170.44,-82.9,AI应用|人工智能
1303,688596.SH,正帆科技,专用设备,SEMI,0.9470,86.9,226.0,-220.75,-76.0,半导体概念|存储芯片|第三代半导体
1304,300703.SZ,创源股份,文娱用品,AI,0.9493,87.0,23.8,-31.08,-88.3,AIGC概念
1305,301260.SZ,格力博,专用设备,AI,0.9513,87.1,64.1,11.83,,人工智能
1306,300562.SZ,乐心医疗,医疗器械,AI+SEMI,0.9516,87.1,32.7,25.45,-58.3,AI应用|人工智能|国产芯片
1307,002197.SZ,证通电子,计算机设备,AI+SEMI,0.9537,87.1,39.5,552.25,,人工智能|国产芯片|算力概念
1308,688041.SH,海光信息,半导体,AI+SEMI,0.9564,87.2,5364.8,149.15,35.2,AI芯片|人工智能|半导体概念|国产芯片|算力概念
1309,300608.SZ,思特奇,软件开发,AI,0.9568,87.2,33.5,-16.35,,AI应用|AI智能体|人工智能|多模态AI|算力概念
1310,688318.SH,财富趋势,软件开发,AI,0.9582,87.3,263.9,191.02,-15.4,AI智能体|人工智能
1311,603611.SH,诺力股份,工程机械,AI,0.9611,87.3,43.6,14.61,47.9,人工智能
1312,300786.SZ,国林科技,环保设备Ⅱ,SEMI,0.9621,87.4,28.8,148.85,,半导体概念
1313,301236.SZ,软通动力,IT服务Ⅱ,AI,0.9621,87.4,379.4,-27.11,-94.8,AI应用|人工智能|多模态AI|液冷服务器|算力概念|英伟达概念
1314,002985.SZ,北摩高科,航空装备Ⅱ,SEMI,0.9625,87.4,83.4,31.01,-35.7,国产芯片
1315,002657.SZ,中科金财,IT服务Ⅱ,AI,0.9687,87.6,50.8,-17.72,,AIGC概念|AI智能体|人工智能|多模态AI|算力概念
1316,001208.SZ,华菱线缆,电网设备,AI,0.9688,87.7,83.8,68.83,-83.0,液冷服务器|英伟达概念
1317,000425.SZ,徐工机械,工程机械,AI,0.9726,87.7,929.9,11.3,-43.7,人工智能
1318,300253.SZ,卫宁健康,软件开发,AI,0.9763,87.8,153.4,273.38,,AI应用|AI智能体|人工智能
1319,002555.SZ,三七互娱,游戏Ⅱ,AI,0.9866,88.0,407.1,11.65,45.8,AI应用
1320,002878.SZ,元隆雅图,广告营销,AI,0.9878,88.1,31.7,-430.61,,AIGC概念|人工智能
1321,300231.SZ,银信科技,IT服务Ⅱ,AI,0.9898,88.2,35.6,69.55,-88.4,人工智能|算力概念
1322,688246.SH,嘉和美康,软件开发,AI,0.9932,88.2,23.5,-40.99,,AI应用
1323,600839.SH,四川长虹,黑色家电,AI+SEMI,0.9933,88.2,315.3,80.04,-83.9,人工智能|国产芯片
1324,603280.SH,南方路机,工程机械,AI,0.9940,88.3,28.6,44.45,-36.3,人工智能
1325,300300.SZ,海峡创新,IT服务Ⅱ,AI,0.9947,88.3,48.1,-106.79,-78.8,人工智能
1326,002858.SZ,力盛体育,体育Ⅱ,AI,0.9949,88.3,21.4,88.51,,人工智能|多模态AI
1327,603110.SH,东方材料,化学制品,AI,0.9957,88.4,51.1,122.41,-99.4,算力概念
1328,002425.SZ,凯撒文化,游戏Ⅱ,AI,0.9969,88.4,28.7,60.52,,人工智能
1329,300357.SZ,我武生物,生物制品,AI,0.9974,88.4,121.8,25.54,-18.7,人工智能
1330,301589.SZ,诺瓦星云,计算机设备,AI+SEMI,0.9981,88.5,128.6,19.38,576.8,人工智能|国产芯片
1331,301316.SZ,慧博云通,IT服务Ⅱ,AI,1.0059,88.6,151.6,494.37,-74.9,AI应用|人工智能|多模态AI
1332,000892.SZ,欢瑞世纪,影视院线,AI,1.0061,88.6,35.8,-22.43,,AIGC概念|人工智能
1333,688143.SH,长盈通,通信设备,AI,1.0080,88.7,193.5,644.24,-92.4,光通信模块
1334,601858.SH,中国科传,出版,AI,1.0097,88.7,171.9,114.55,-38.4,AI语料
1335,300941.SZ,创识科技,计算机设备,AI,1.0128,88.8,31.3,-512.28,-88.6,人工智能
1336,300067.SZ,安诺其,化学制品,AI+SEMI,1.0144,88.9,59.0,146.47,,AI应用|国产芯片|算力概念|英伟达概念
1337,600821.SH,金开新能,电力,AI,1.0174,89.0,119.6,-155.75,,算力概念
1338,002388.SZ,新亚制程,其他电子Ⅱ,SEMI,1.0213,89.0,31.4,170.93,,半导体概念
1339,300638.SZ,广和通,通信设备,AI,1.0235,89.1,167.7,433.76,-73.4,AI智能体
1340,002185.SZ,华天科技,半导体,AI+SEMI,1.0237,89.1,561.6,34.52,-61.0,CPO概念|人工智能|先进封装|半导体概念|国产芯片|存储芯片
1341,301112.SZ,信邦智能,自动化设备,SEMI,1.0237,89.1,33.2,471.76,,汽车芯片
1342,688533.SH,上声电子,汽车零部件,SEMI,1.0265,89.1,34.1,35.0,8.9,国产芯片
1343,002602.SZ,世纪华通,游戏Ⅱ,AI,1.0330,89.2,1016.4,12.53,-14.8,AIGC概念|AI应用|人工智能|算力概念
1344,688409.SH,富创精密,半导体,SEMI,1.0338,89.3,634.6,273.8,-76.7,半导体概念
1345,000948.SZ,南天信息,软件开发,AI,1.0356,89.4,53.4,203.4,-86.0,AI应用|人工智能
1346,688593.SH,新相微,半导体,SEMI,1.0379,89.4,144.8,1229.39,-97.9,半导体概念|国产芯片|汽车芯片
1347,301171.SZ,易点天下,广告营销,AI,1.0416,89.5,215.9,137.58,-85.0,AIGC概念|AI应用|人工智能|多模态AI
1348,300093.SZ,金刚光伏,光伏设备,AI,1.0430,89.5,135.1,-53.05,-50.8,算力概念
1349,301551.SZ,无线传媒,电视广播Ⅱ,AI,1.0431,89.5,78.2,28.22,-36.4,人工智能
1350,300063.SZ,天龙集团,广告营销,AI,1.0449,89.6,65.2,94.2,-84.6,AIGC概念
1351,300531.SZ,优博讯,计算机设备,AI+SEMI,1.0516,89.8,52.5,27.69,-58.3,AI芯片|人工智能|国产芯片
1352,601519.SH,大智慧,软件开发,AI,1.0518,89.8,155.4,-131.28,,人工智能
1353,300001.SZ,特锐德,电网设备,AI,1.0534,89.8,382.7,132.99,18.5,人工智能
1354,300604.SZ,长川科技,半导体,SEMI,1.0558,89.9,1750.2,124.11,143.6,半导体概念|国产芯片|存储芯片
1355,300561.SZ,汇金科技,软件开发,AI,1.0574,89.9,49.1,-432.1,,AI应用|人工智能
1356,603108.SH,润达医疗,医疗服务,AI,1.0579,89.9,57.7,-26.95,,AI应用|人工智能
1357,002292.SZ,奥飞娱乐,文娱用品,AI,1.0584,89.9,114.5,32.85,-85.9,人工智能
1358,300369.SZ,绿盟科技,软件开发,AI,1.0592,89.9,54.0,-13.75,,AI应用|人工智能
1359,300759.SZ,康龙化成,医疗服务,AI,1.0596,89.9,824.2,54.93,-6.8,人工智能
1360,300546.SZ,雄帝科技,计算机设备,AI,1.0625,90.0,36.2,-41.24,-86.2,人工智能
1361,301382.SZ,蜂助手,通信服务,SEMI,1.0682,90.1,113.3,78.13,-45.8,国产芯片
1362,688545.SH,兴福电子,电子化学品Ⅱ,SEMI,1.0700,90.2,293.3,119.12,-37.4,半导体概念
1363,002955.SZ,鸿合科技,光学光电子,AI,1.0732,90.2,81.9,-56.1,-96.0,AI应用|人工智能
1364,603383.SH,顶点软件,软件开发,AI,1.0920,90.4,57.5,39.92,-3.9,AI智能体
1365,301262.SZ,海看股份,广告营销,AI,1.0940,90.5,75.2,20.91,-7.0,人工智能
1366,688095.SH,福昕软件,软件开发,AI,1.0958,90.5,52.2,115.74,-48.2,AIGC概念|AI应用|人工智能
1367,300454.SZ,深信服,软件开发,AI,1.1021,90.6,503.8,108.93,97.3,AI应用|人工智能|算力概念|英伟达概念
1368,300229.SZ,拓尔思,软件开发,AI,1.1051,90.7,114.8,-37.07,,AIGC概念|AI应用|AI智能体|AI语料|人工智能|多模态AI
1369,300444.SZ,双杰电气,电网设备,AI,1.1092,90.7,78.5,6.97,-42.1,人工智能
1370,300465.SZ,高伟达,软件开发,SEMI,1.1098,90.7,52.4,285.16,-94.6,半导体概念|国产芯片
1371,600481.SH,双良节能,光伏设备,AI+SEMI,1.1119,90.8,86.5,-5.48,,液冷服务器|第三代半导体
1372,603068.SH,博通集成,半导体,SEMI,1.1125,90.9,55.2,54.66,-64.7,半导体概念|国产芯片|汽车芯片
1373,688258.SH,卓易信息,IT服务Ⅱ,AI,1.1126,90.9,112.3,47.22,-0.6,AI应用
1374,301378.SZ,通达海,软件开发,AI,1.1133,90.9,23.4,-18.24,,AI应用|人工智能
1375,603881.SH,数据港,通信服务,AI,1.1164,91.0,217.2,126.47,-83.8,液冷服务器|算力概念
1376,002698.SZ,博实股份,自动化设备,AI,1.1219,91.1,126.5,40.33,-51.9,人工智能
1377,300536.SZ,农尚环境,IT服务Ⅱ,AI+SEMI,1.1326,91.1,25.8,-43.79,,国产芯片|算力概念
1378,600415.SH,小商品城,一般零售,AI,1.1348,91.2,674.5,17.02,-19.9,人工智能
1379,301536.SZ,星宸科技,半导体,AI+SEMI,1.1356,91.2,482.1,54.73,13.2,AI芯片|人工智能|半导体概念|国产芯片|算力概念
1380,002757.SZ,南兴股份,专用设备,AI,1.1384,91.3,46.4,26.72,-59.3,AI智能体|算力概念
1381,002396.SZ,星网锐捷,通信设备,AI,1.1400,91.3,244.0,32.73,-25.1,AIGC概念|CPO概念|人工智能|光通信模块
1382,688118.SH,普元信息,软件开发,AI,1.1409,91.4,18.5,-20.52,,AI应用
1383,300627.SZ,华测导航,通信设备,SEMI,1.1448,91.5,214.2,32.15,-12.8,国产芯片
1384,002591.SZ,恒大高新,化学制品,AI,1.1464,91.5,18.7,154.5,,算力概念
1385,301231.SZ,荣信文化,出版,AI,1.1491,91.5,22.2,-46.51,,AI应用|AI智能体|AI语料|人工智能
1386,300139.SZ,晓程科技,贵金属,SEMI,1.1653,91.7,159.8,143.45,-39.9,半导体概念|国产芯片
1387,300149.SZ,睿智医药,医疗服务,AI,1.1668,91.7,49.0,-67.45,,人工智能
1388,300807.SZ,天迈科技,计算机设备,AI,1.1669,91.8,24.5,-71.95,,人工智能
1389,300250.SZ,初灵信息,IT服务Ⅱ,AI,1.1714,91.8,31.6,848.89,-81.6,AI应用|AI智能体|人工智能
1390,603690.SH,至纯科技,半导体,AI+SEMI,1.1717,91.9,97.7,-17.03,,光通信模块|半导体概念|存储芯片
1391,600756.SH,浪潮软件,IT服务Ⅱ,AI,1.1737,91.9,48.5,-14.05,,AIGC概念|AI应用|AI智能体|人工智能
1392,301218.SZ,华是科技,IT服务Ⅱ,AI,1.1751,92.0,51.5,-436.33,,AI应用|人工智能
1393,600201.SH,生物股份,动物保健Ⅱ,AI,1.1756,92.0,136.7,65.67,-86.9,人工智能
1394,301013.SZ,利和兴,专用设备,AI+SEMI,1.1774,92.1,94.1,729.73,,光通信模块|半导体概念|液冷服务器
1395,600894.SH,广日股份,专用设备,AI,1.1774,92.1,65.4,24.9,-29.4,人工智能
1396,002015.SZ,协鑫能科,电力,AI,1.1800,92.1,252.8,21.95,-73.0,人工智能|算力概念
1397,300577.SZ,开润股份,服装家纺,AI,1.1862,92.2,41.5,10.51,43.6,AI应用|人工智能
1398,300798.SZ,锦鸡股份,化学制品,AI,1.1887,92.2,35.3,-283.19,,算力概念
1399,300115.SZ,长盈精密,消费电子,SEMI,1.1935,92.3,338.8,67.64,-59.7,国产芯片
1400,300659.SZ,中孚信息,计算机设备,AI+SEMI,1.1965,92.4,26.2,-8.25,,人工智能|国产芯片
1401,688019.SH,安集科技,电子化学品Ⅱ,SEMI,1.1982,92.4,553.4,66.62,260.2,国产芯片|存储芯片
1402,002642.SZ,荣联科技,IT服务Ⅱ,AI,1.2073,92.6,46.3,1419.31,-97.0,人工智能
1403,603679.SH,华体科技,光学光电子,AI,1.2108,92.7,40.0,-70.9,,AI应用|人工智能|算力概念
1404,002463.SZ,沪电股份,元件,SEMI,1.2134,92.7,2224.0,44.76,123.5,国产芯片
1405,301397.SZ,溯联股份,汽车零部件,AI,1.2139,92.7,50.8,60.24,-36.2,液冷服务器
1406,301208.SZ,中亦科技,IT服务Ⅱ,AI,1.2141,92.8,35.4,77.01,-53.8,AI应用|人工智能
1407,688627.SH,精智达,通用设备,SEMI,1.2214,92.8,438.0,447.73,-11.0,存储芯片
1408,688012.SH,中微公司,半导体,SEMI,1.2280,92.9,3425.7,60.63,341.7,半导体概念|国产芯片|存储芯片
1409,002144.SZ,宏达高科,纺织制造,AI,1.2288,92.9,19.0,40.39,-85.4,人工智能
1410,603061.SH,金海通,半导体,SEMI,1.2289,93.0,302.2,91.56,168.2,半导体概念
1411,300299.SZ,富春股份,游戏Ⅱ,AI,1.2328,93.0,36.0,54.0,,AIGC概念
1412,603228.SH,景旺电子,元件,AI,1.2346,93.1,917.6,76.26,18.2,CPO概念|英伟达概念
1413,300405.SZ,科隆股份,化学制品,SEMI,1.2504,93.3,16.1,328.5,,半导体概念|国产芯片
1414,300624.SZ,万兴科技,软件开发,AI,1.2507,93.3,91.1,-66.06,,AIGC概念|AI应用|AI智能体|人工智能
1415,605098.SH,行动教育,教育,AI,1.2540,93.4,66.3,19.3,202.1,AI应用
1416,300339.SZ,润和软件,IT服务Ⅱ,AI+SEMI,1.2542,93.4,278.8,168.66,-85.0,AI应用|AI智能体|人工智能|国产芯片|算力概念
1417,300634.SZ,彩讯股份,IT服务Ⅱ,AI,1.2548,93.5,85.4,84.36,-46.3,AI应用|AI智能体|人工智能|算力概念
1418,002624.SZ,完美世界,游戏Ⅱ,AI,1.2574,93.5,209.9,-88.61,-94.4,AIGC概念
1419,300449.SZ,汉邦高科,计算机设备,AI,1.2645,93.6,26.6,-89.55,,算力概念
1420,300137.SZ,先河环保,环保设备Ⅱ,AI,1.2659,93.7,60.7,-142.78,,AIGC概念|AI智能体|人工智能|算力概念
1421,300901.SZ,中胤时尚,服装家纺,AI,1.2696,93.7,45.8,747.32,-96.1,AIGC概念
1422,300897.SZ,山科智能,通用设备,AI,1.2712,93.7,33.2,209.85,-97.9,AI应用
1423,688767.SH,博拓生物,医疗器械,AI,1.2745,93.8,52.5,-128.59,-79.7,人工智能
1424,603918.SH,金桥信息,IT服务Ⅱ,AI,1.2794,93.9,37.8,-30.98,,人工智能
1425,688515.SH,裕太微-U,半导体,SEMI,1.2846,94.0,119.0,-68.8,,半导体概念|国产芯片|汽车芯片
1426,300071.SZ,福石控股,广告营销,AI,1.2851,94.0,37.1,-1402.45,,AIGC概念|AI语料
1427,600520.SH,三佳科技,半导体,SEMI,1.2852,94.0,38.4,642.63,-91.5,先进封装|半导体概念|国产芯片
1428,002161.SZ,远 望 谷,其他电子Ⅱ,SEMI,1.2925,94.1,42.8,-27.95,-99.8,国产芯片
1429,300058.SZ,蓝色光标,广告营销,AI,1.2979,94.1,472.1,93.59,-92.9,AIGC概念|AI应用|AI智能体|人工智能
1430,300468.SZ,四方精创,软件开发,AI,1.3015,94.3,122.0,287.56,-86.4,人工智能
1431,000676.SZ,智度股份,广告营销,AI,1.3019,94.3,81.1,43.97,-88.6,人工智能
1432,600602.SH,云赛智联,软件开发,AI,1.3055,94.4,255.5,143.36,-85.7,算力概念
1433,300275.SZ,梅安森,计算机设备,AI,1.3149,94.5,27.6,52.92,-87.6,人工智能
1434,300492.SZ,华图山鼎,教育,AI,1.3276,94.6,63.8,13.16,-12.7,AI应用
1435,300251.SZ,光线传媒,影视院线,AI,1.3319,94.7,315.7,339.04,,英伟达概念
1436,605287.SH,德才股份,装修装饰Ⅱ,AI,1.3332,94.8,54.1,40.04,-57.2,AIGC概念
1437,688186.SH,广大特材,特钢Ⅱ,SEMI,1.3431,94.9,38.0,153.84,-88.2,半导体概念
1438,300017.SZ,网宿科技,IT服务Ⅱ,AI,1.3474,94.9,379.3,54.52,-68.9,AIGC概念|人工智能|液冷服务器|算力概念
1439,300884.SZ,狄耐克,计算机设备,AI,1.3490,95.0,31.4,-401.99,-95.1,人工智能
1440,300917.SZ,特发服务,房地产服务,AI,1.3568,95.1,43.6,33.99,-23.8,人工智能
1441,300291.SZ,百纳千成,影视院线,AI,1.3571,95.1,45.2,84.45,,AIGC概念|人工智能
1442,688036.SH,传音控股,消费电子,AI,1.3625,95.1,652.8,18.41,172.9,AI智能体
1443,603486.SH,科沃斯,小家电,AI,1.3695,95.1,318.5,12.76,250.2,人工智能
1444,300789.SZ,唐源电气,计算机设备,AI,1.3769,95.2,24.5,42.9,-77.0,AI智能体|人工智能
1445,300002.SZ,神州泰岳,游戏Ⅱ,AI,1.3773,95.2,154.6,22.59,-62.7,AI应用|AI智能体|人工智能|算力概念
1446,002580.SZ,圣阳股份,电池,AI,1.3882,95.3,95.5,39.19,-59.0,液冷服务器
1447,688002.SH,睿创微纳,军工电子Ⅱ,AI+SEMI,1.3951,95.4,737.4,29.28,336.7,人工智能|国产芯片
1448,300768.SZ,迪普科技,软件开发,AI,1.4003,95.5,91.8,63.39,-68.7,AI应用|AI智能体|人工智能
1449,688668.SH,鼎通科技,通信设备,AI,1.4145,95.6,345.4,93.98,121.8,液冷服务器
1450,301320.SZ,豪江智能,自动化设备,AI,1.4157,95.6,24.2,211.46,,人工智能
1451,600667.SH,太极实业,工程咨询服务Ⅱ,SEMI,1.4211,95.7,424.6,82.2,-78.0,先进封装|半导体概念|国产芯片|存储芯片
1452,301365.SZ,矩阵股份,工程咨询服务Ⅱ,AI,1.4259,95.7,70.5,129.88,-72.8,AIGC概念|人工智能
1453,603986.SH,兆易创新,半导体,AI+SEMI,1.4308,95.7,2678.3,19.53,1029.8,人工智能|半导体概念|国产芯片|存储芯片|汽车芯片
1454,300347.SZ,泰格医药,医疗服务,AI,1.4329,95.7,423.3,215.77,-10.4,人工智能
1455,000661.SZ,长春高新,生物制品,AI,1.4342,95.8,310.5,32.66,,AI智能体
1456,300287.SZ,飞利信,IT服务Ⅱ,AI+SEMI,1.4349,95.8,49.4,-43.16,,AI应用|人工智能|半导体概念|国产芯片
1457,603686.SH,福龙马,环境治理,AI,1.4354,95.8,51.7,19.79,-62.2,人工智能
1458,301052.SZ,果麦文化,出版,AI,1.4526,95.9,22.0,-27.08,,AI应用|AI语料
1459,688381.SH,帝奥微,半导体,SEMI,1.4647,95.9,80.9,29.19,-69.0,半导体概念|国产芯片|汽车芯片
1460,002298.SZ,中电鑫龙,电网设备,AI,1.4680,96.0,58.8,34.21,,人工智能|算力概念
1461,688244.SH,永信至诚,软件开发,AI,1.4698,96.0,22.6,-24.04,,AI应用|人工智能
1462,300427.SZ,红相股份,电网设备,SEMI,1.4739,96.0,33.3,234.28,,国产芯片
1463,688766.SH,普冉股份,半导体,SEMI,1.4739,96.0,611.2,36.96,568.2,半导体概念|国产芯片|存储芯片|汽车芯片
1464,600588.SH,用友网络,软件开发,AI,1.4747,96.1,346.1,-18.64,,AI应用|AI智能体
1465,002558.SZ,巨人网络,游戏Ⅱ,AI,1.4809,96.2,506.7,11.72,30.9,AIGC概念|AI应用|人工智能|多模态AI
1466,689009.SH,九号公司-WD,摩托车及其他,AI,1.4851,96.2,319.4,15.84,107.2,人工智能|英伟达概念
1467,300588.SZ,熙菱信息,计算机设备,AI,1.4921,96.2,40.4,-46.84,,AI应用|人工智能|算力概念
1468,002517.SZ,恺英网络,游戏Ⅱ,AI,1.4968,96.3,353.6,11.32,1.4,AI应用
1469,300209.SZ,行云科技,软件开发,AI,1.5238,96.5,314.8,1310.02,,人工智能|液冷服务器|算力概念
1470,002343.SZ,慈文传媒,影视院线,AI,1.5381,96.6,23.3,-44.36,,AI语料
1471,300244.SZ,迪安诊断,医疗服务,AI,1.5574,96.9,123.9,26.66,-57.4,AI应用|人工智能
1472,002322.SZ,理工能科,软件开发,AI,1.5749,97.0,43.2,17.93,-38.4,人工智能
1473,300593.SZ,新雷能,其他电源设备Ⅱ,SEMI,1.5775,97.1,164.8,-110.76,,国产芯片
1474,301270.SZ,汉仪股份,软件开发,AI,1.5899,97.1,31.7,-433.38,-92.3,AIGC概念|AI应用|人工智能
1475,688548.SH,广钢气体,电子化学品Ⅱ,SEMI,1.5961,97.2,463.1,126.14,-75.7,半导体概念
1476,000526.SZ,学大教育,教育,AI+SEMI,1.6331,97.3,42.1,7.01,118.3,AI应用|人工智能|半导体概念
1477,300418.SZ,昆仑万维,数字媒体,AI+SEMI,1.6384,97.4,521.0,23.94,-72.7,AIGC概念|AI应用|AI智能体|AI芯片|AI语料|人工智能|国产芯片|多模态AI|算力概念
1478,301085.SZ,亚康股份,IT服务Ⅱ,AI,1.6420,97.4,49.7,52.4,,算力概念
1479,301008.SZ,宏昌科技,家电零部件Ⅱ,SEMI,1.6541,97.5,49.9,867.88,-82.9,国产芯片|第三代半导体
1480,002428.SZ,云南锗业,小金属,AI+SEMI,1.6801,97.7,622.9,1709.87,-97.1,光通信模块|半导体概念|第三代半导体
1481,300605.SZ,恒锋信息,软件开发,AI,1.7019,97.8,16.5,-29.98,,人工智能
1482,300846.SZ,首都在线,IT服务Ⅱ,AI,1.7096,97.8,92.4,-143.6,,AI智能体|算力概念
1483,000839.SZ,国安股份,通信服务,AI,1.7109,97.8,106.6,-829.05,-97.8,AI语料|人工智能
1484,300766.SZ,每日互动,软件开发,AI,1.7225,97.9,82.5,-128.18,,AI应用
1485,688525.SH,佰维存储,半导体,SEMI,1.7285,97.9,1063.8,7.42,1648.8,先进封装|半导体概念|国产芯片|存储芯片|汽车芯片
1486,603716.SH,塞力医疗,医药商业,AI,1.7392,98.0,34.0,-48.56,,AI应用|人工智能
1487,300757.SZ,罗博特科,自动化设备,AI+SEMI,1.7781,98.2,832.0,-535.84,,CPO概念|光通信模块|半导体概念|英伟达概念
1488,002553.SZ,南方精工,汽车零部件,AI+SEMI,1.7788,98.2,52.8,5106.86,-28.0,人工智能|国产芯片
1489,300525.SZ,博思软件,软件开发,AI,1.8070,98.2,59.8,-23.97,-76.7,AI应用|人工智能
1490,300085.SZ,银之杰,软件开发,AI,1.8181,98.3,203.9,-236.11,,AI应用|人工智能
1491,688146.SH,中船特气,半导体,SEMI,1.8228,98.3,1324.0,190.28,-2.6,半导体概念
1492,300753.SZ,爱朋医疗,医疗器械,AI,1.8298,98.4,26.7,-151.79,,人工智能
1493,300785.SZ,值得买,数字媒体,AI,1.8539,98.4,68.5,379.79,-58.3,AIGC概念|AI应用
1494,301308.SZ,江波龙,半导体,SEMI,1.8617,98.4,1567.9,7.41,2689.8,半导体概念|国产芯片|存储芯片
1495,688615.SH,合合信息,软件开发,AI,1.8622,98.5,175.9,35.64,137.5,AI应用|人工智能
1496,300125.SZ,聆达股份,电力,SEMI,1.8803,98.5,57.5,-177.49,-94.1,半导体概念
1497,300663.SZ,科蓝软件,软件开发,AI,1.8818,98.5,38.3,-33.88,,AI应用|人工智能
1498,300324.SZ,旋极信息,计算机设备,AI+SEMI,1.9096,98.7,56.7,-20.12,,AI芯片|国产芯片|算力概念
1499,000608.SZ,阳光股份,房地产开发,AI,1.9169,98.7,54.3,-57.82,,算力概念
1500,001309.SZ,德明利,半导体,SEMI,1.9767,98.8,908.2,6.79,1709.1,半导体概念|国产芯片|存储芯片
1501,300469.SZ,信息发展,软件开发,AI,1.9776,98.9,133.2,-106.05,,AI应用|AI智能体|人工智能
1502,002173.SZ,创新医疗,医疗服务,AI,1.9919,98.9,78.0,-73.8,,人工智能
1503,301110.SZ,青木科技,互联网电商,AI,2.0112,99.0,43.6,25.87,19.8,AI应用|AI智能体|人工智能
1504,688608.SH,恒玄科技,半导体,SEMI,2.0272,99.0,242.5,70.87,94.3,半导体概念|国产芯片
1505,603956.SH,威派格,专用设备,AI,2.0380,99.0,34.4,-13.2,,AI应用|AI智能体|人工智能
1506,300056.SZ,中创环保,环境治理,AI,2.0438,99.0,32.6,-60.94,,算力概念
1507,300364.SZ,中文在线,数字媒体,AI,2.0523,99.1,162.2,-88.5,,AIGC概念|AI应用|AI智能体|AI语料|人工智能|多模态AI
1508,300911.SZ,亿田智能,厨卫电器,AI,2.0966,99.1,40.2,-28.41,,AIGC概念|算力概念
1509,688200.SH,华峰测控,半导体,SEMI,2.3022,99.3,815.2,216.34,183.1,半导体概念|国产芯片|第三代半导体
1510,301159.SZ,三维天地,软件开发,AI,2.3379,99.4,24.0,-39.04,-70.7,AI应用|AI智能体|人工智能
1511,300843.SZ,胜蓝股份,消费电子,AI,2.3380,99.4,216.6,83.49,-3.7,液冷服务器
1512,688702.SH,盛科通信-U,半导体,SEMI,2.5460,99.5,1440.7,-2114.99,,半导体概念|国产芯片
1513,688082.SH,盛美上海,半导体,SEMI,2.5486,99.5,1454.5,73.54,250.0,半导体概念
1514,300502.SZ,新易盛,通信设备,AI,2.5601,99.6,5744.3,51.65,670.2,CPO概念|光通信模块|算力概念
1515,688507.SH,索辰科技,软件开发,AI,2.5872,99.6,132.9,-97.91,-85.2,人工智能
1516,688037.SH,芯源微,半导体,SEMI,2.5953,99.6,740.4,5275.05,-65.0,先进封装|半导体概念|国产芯片
1517,002938.SZ,鹏鼎控股,元件,AI+SEMI,2.6073,99.6,2038.3,79.39,63.5,光通信模块|半导体概念
1518,688120.SH,华海清科,半导体,SEMI,2.6281,99.6,1323.4,117.48,130.0,半导体概念|存储芯片
1519,300996.SZ,普联软件,软件开发,AI,2.7594,99.7,55.8,236.91,-76.3,AI应用|AI智能体|人工智能
1520,688167.SH,炬光科技,半导体,AI+SEMI,2.8002,99.7,354.4,-263.55,,CPO概念|先进封装|半导体概念|存储芯片
1521,688072.SH,拓荆科技,半导体,SEMI,2.9183,99.8,1988.6,74.05,648.3,先进封装|半导体概念|存储芯片
1522,002371.SZ,北方华创,半导体,SEMI,3.3370,99.8,5137.2,78.56,668.4,先进封装|半导体概念|国产芯片|存储芯片|第三代半导体
1523,688361.SH,中科飞测,半导体,SEMI,3.6590,99.9,1230.4,-452.61,-98.4,半导体概念
1524,300308.SZ,中际旭创,通信设备,AI,6.4152,100.0,10179.3,37.28,1648.5,CPO概念|光通信模块|算力概念
